date,spx,gld,uso,slv,eur2usd
1/2/2008,1447.16,84.86,78.47,15.18,1.47
1/3/2008,1447.16,85.57,78.37,15.29,1.47
1/4/2008,1411.63,85.13,77.31,15.17,1.48
1/7/2008,1416.18,84.77,75.50,15.05,1.47
1/8/2008,1390.19,86.78,76.06,15.59,1.56
1/9/2008,1409.13,86.55,75.25,15.52,1.47
1/10/2008,1420.33,88.25,74.02,16.06,1.48
1/11/2008,1401.02,88.58,73.09,16.08,1.48
1/14/2008,1416.25,89.54,74.25,16.28,1.49
1/15/2008,1380.95,87.99,72.78,15.83,1.48
1/16/2008,1373.20,86.70,71.85,15.65,1.47
1/17/2008,1333.25,86.50,71.03,15.72,1.46
1/18/2008,1325.19,87.42,71.54,16.03,1.46
1/22/2008,1310.50,88.17,70.55,15.90,1.46
1/23/2008,1338.60,87.89,69.50,15.90,1.46
1/24/2008,1352.07,90.08,70.93,16.30,1.48
1/25/2008,1330.61,90.30,71.91,16.30,1.47
1/28/2008,1353.96,91.75,72.35,16.55,1.48
1/29/2008,1362.30,91.15,72.98,16.53,1.48
1/30/2008,1355.81,92.06,73.08,16.67,1.48
1/31/2008,1378.55,91.40,72.35,16.82,1.49
2/1/2008,1395.42,89.35,70.47,16.62,1.48
2/4/2008,1380.82,89.10,71.37,16.51,1.48
2/5/2008,1336.64,87.68,70.15,16.17,1.46
2/6/2008,1326.45,88.95,69.02,16.38,1.46
2/7/2008,1336.91,89.85,69.80,16.67,1.45
2/8/2008,1331.29,91.00,72.90,17.03,1.56
2/11/2008,1339.13,91.33,74.55,17.40,1.45
2/12/2008,1348.86,89.33,73.59,17.03,1.46
2/13/2008,1367.21,89.44,74.11,17.13,1.46
2/14/2008,1348.86,89.71,75.76,17.09,1.46
2/15/2008,1349.99,89.15,75.93,16.95,1.47
2/19/2008,1348.78,91.58,78.81,17.38,1.47
2/20/2008,1360.03,93.24,79.32,17.70,1.47
2/21/2008,1342.53,93.25,77.33,17.70,1.48
2/22/2008,1353.11,93.39,78.60,17.92,1.48
2/25/2008,1371.80,92.74,78.74,17.99,1.48
2/26/2008,1381.29,93.71,80.10,18.60,1.50
2/27/2008,1380.02,94.78,78.92,19.13,1.51
2/28/2008,1367.68,95.99,81.48,19.67,1.52
2/29/2008,1330.63,96.18,80.42,19.67,1.52
3/3/2008,1331.34,97.24,81.32,20.16,1.52
3/4/2008,1326.75,95.18,79.40,19.62,1.52
3/5/2008,1333.70,97.72,83.30,20.62,1.53
3/6/2008,1304.34,96.50,83.89,20.08,1.54
3/7/2008,1293.37,96.09,83.73,20.04,1.53
3/10/2008,1273.37,95.87,85.63,19.48,1.53
3/11/2008,1320.65,95.99,86.34,19.52,1.53
3/12/2008,1308.77,97.01,86.92,19.97,1.55
3/13/2008,1315.48,98.34,87.21,20.41,1.56
3/14/2008,1288.14,98.71,86.51,20.42,1.56
3/17/2008,1276.60,99.17,83.30,19.98,1.57
3/18/2008,1330.74,96.50,85.80,19.38,1.57
3/19/2008,1298.42,93.04,82.29,18.25,1.56
3/20/2008,1329.51,89.91,81.30,16.70,1.54
3/24/2008,1349.88,90.10,80.26,16.79,1.54
3/25/2008,1352.99,92.73,81.47,17.78,1.56
3/26/2008,1341.13,93.80,84.81,18.23,1.58
3/27/2008,1325.76,93.46,85.73,18.32,1.58
3/28/2008,1315.22,91.88,84.37,17.75,1.58
4/1/2008,1370.18,86.86,81.06,16.60,1.57
4/2/2008,1367.53,89.27,83.78,17.25,1.57
4/3/2008,1369.31,89.42,83.65,17.23,1.57
4/7/2008,1372.54,91.17,86.93,17.95,1.56
4/8/2008,1365.54,90.35,87.19,17.51,1.58
4/9/2008,1354.49,92.29,88.90,18.01,1.57
4/10/2008,1360.55,91.77,88.18,17.81,1.58
4/14/2008,1328.32,91.11,89.64,17.51,1.58
4/15/2008,1334.43,91.66,91.44,17.68,1.60
4/16/2008,1364.71,93.27,92.15,18.15,1.59
4/17/2008,1365.56,92.56,92.37,18.01,1.57
4/21/2008,1388.17,90.25,94.38,17.27,1.60
4/22/2008,1375.94,90.27,95.08,17.48,1.59
4/23/2008,1379.93,89.22,95.18,17.00,1.57
4/24/2008,1388.82,87.22,93.20,16.55,1.56
4/28/2008,1396.37,87.69,95.69,16.84,1.56
4/29/2008,1390.94,85.81,92.99,16.38,1.56
5/1/2008,1409.34,83.99,90.38,15.99,1.54
5/5/2008,1407.49,86.27,96.74,16.57,1.55
5/6/2008,1418.26,86.63,98.38,16.73,1.54
5/7/2008,1392.57,85.82,99.80,16.50,1.55
5/8/2008,1397.68,87.24,100.66,16.70,1.55
5/12/2008,1403.58,86.99,100.11,17.00,1.55
5/13/2008,1403.04,85.39,101.71,16.55,1.55
5/14/2008,1408.66,85.20,100.22,16.37,1.55
5/15/2008,1423.57,87.00,100.21,16.56,1.56
5/19/2008,1426.63,89.39,102.80,16.82,1.57
5/20/2008,1413.40,90.90,104.30,17.50,1.58
5/21/2008,1390.71,91.96,108.31,17.86,1.57
5/22/2008,1394.35,90.98,105.63,17.78,1.58
5/27/2008,1385.35,89.36,104.26,17.26,1.57
5/28/2008,1390.84,89.14,105.92,17.26,1.55
5/29/2008,1398.26,86.51,102.26,16.48,1.55
6/2/2008,1385.67,87.96,103.05,16.64,1.55
6/3/2008,1377.65,86.88,100.65,16.59,1.54
6/4/2008,1377.20,86.65,98.98,16.64,1.56
6/5/2008,1404.05,86.45,103.95,16.97,1.58
6/9/2008,1361.76,87.99,109.05,16.94,1.55
6/10/2008,1358.44,85.55,107.02,16.44,1.56
6/11/2008,1335.49,87.02,110.99,16.70,1.55
6/12/2008,1339.87,85.60,111.27,16.35,1.54
6/16/2008,1360.14,87.01,108.99,16.95,1.55
6/17/2008,1350.93,87.25,108.68,16.90,1.55
6/18/2008,1337.81,88.28,110.89,17.19,1.55
6/19/2008,1342.83,88.42,106.91,17.15,1.56
6/23/2008,1318.00,87.09,110.92,16.63,1.56
6/24/2008,1314.29,87.47,110.95,16.49,1.57
6/25/2008,1321.97,87.42,108.50,16.63,1.58
6/26/2008,1283.15,90.61,113.12,17.03,1.58
7/1/2008,1284.91,92.66,114.59,17.90,1.59
7/2/2008,1261.52,93.17,116.84,18.22,1.57
7/3/2008,1262.90,92.06,116.82,18.00,1.57
7/7/2008,1252.31,91.23,114.95,17.60,1.53
7/8/2008,1273.70,90.86,109.92,17.66,1.57
7/9/2008,1244.69,91.50,109.65,17.95,1.58
7/10/2008,1253.39,93.53,114.34,18.12,1.59
7/14/2008,1228.30,95.91,117.48,18.93,1.59
7/15/2008,1214.91,96.17,112.39,18.70,1.58
7/16/2008,1245.36,94.44,109.25,18.55,1.59
7/17/2008,1260.32,94.22,105.53,18.32,1.59
7/21/2008,1260.00,95.12,106.67,18.23,1.58
7/22/2008,1277.00,93.06,103.32,17.76,1.57
7/23/2008,1282.19,90.57,100.02,17.19,1.57
7/24/2008,1252.54,91.33,101.46,17.26,1.57
7/28/2008,1234.37,91.73,100.54,17.36,1.56
7/29/2008,1263.20,90.59,98.04,17.19,1.56
7/30/2008,1284.26,89.52,102.13,17.36,1.56
8/7/2008,1266.07,86.09,96.44,16.07,1.50
8/25/2008,1266.84,80.93,93.10,13.33,1.46
8/26/2008,1271.51,81.23,93.90,13.45,1.47
8/27/2008,1281.66,81.36,95.66,13.35,1.47
8/28/2008,1300.68,82.18,93.39,13.55,1.47
9/2/2008,1277.58,79.20,89.19,12.94,1.45
9/3/2008,1274.98,78.89,88.44,12.75,1.43
9/4/2008,1236.83,78.39,87.02,12.63,1.43
9/8/2008,1267.79,78.86,85.93,11.95,1.41
9/9/2008,1224.51,76.49,82.35,11.18,1.40
9/10/2008,1232.04,74.22,82.97,10.60,1.40
9/11/2008,1249.05,73.08,81.49,10.32,1.42
9/15/2008,1192.70,77.56,76.30,10.95,1.41
9/16/2008,1213.60,76.79,74.99,10.40,1.43
9/17/2008,1156.39,85.46,77.50,11.90,1.43
9/18/2008,1206.51,82.80,79.17,11.89,1.44
9/22/2008,1207.09,89.18,87.62,13.35,1.47
9/23/2008,1188.22,88.32,86.13,13.18,1.46
9/24/2008,1185.87,86.71,84.86,13.09,1.46
9/25/2008,1209.18,86.45,86.69,13.03,1.46
9/29/2008,1106.42,89.57,77.09,12.95,1.41
9/30/2008,1166.36,85.07,82.01,11.85,1.40
10/1/2008,1161.06,85.97,79.59,12.33,1.38
10/2/2008,1114.28,82.33,75.82,10.80,1.38
10/6/2008,1056.89,84.28,71.61,10.75,1.36
10/7/2008,996.23,87.27,72.49,11.38,1.50
10/8/2008,984.94,89.42,72.26,11.51,1.36
10/9/2008,909.92,89.90,69.60,11.95,1.34
10/13/2008,1003.35,81.99,67.78,10.59,1.36
10/14/2008,998.01,82.20,65.03,10.86,1.34
10/15/2008,907.84,83.31,60.73,10.27,1.35
10/16/2008,946.43,79.29,59.34,9.60,1.34
10/20/2008,985.40,78.50,61.80,9.77,1.31
10/21/2008,955.05,76.03,58.77,9.98,1.28
10/22/2008,896.78,71.71,54.93,9.45,1.29
10/23/2008,908.11,70.65,56.60,9.38,1.26
10/27/2008,848.92,72.18,50.85,8.85,1.25
10/28/2008,940.51,73.79,53.22,9.05,1.28
10/29/2008,930.09,74.00,55.68,9.67,1.30
10/30/2008,954.09,72.71,54.00,9.68,1.29
10/31/2008,968.75,71.34,55.59,9.58,1.27
11/3/2008,966.30,71.10,52.49,9.62,1.26
11/4/2008,1005.75,75.48,57.38,10.12,1.30
11/5/2008,952.77,72.80,53.84,10.21,1.29
11/6/2008,904.88,72.22,50.15,9.90,1.27
11/7/2008,930.99,72.50,50.04,9.94,1.27
11/10/2008,919.21,73.58,51.23,10.06,1.27
11/11/2008,898.95,72.05,48.11,9.64,1.25
11/12/2008,852.30,70.00,45.75,9.17,1.25
11/13/2008,911.29,72.15,49.00,9.30,1.28
11/14/2008,873.29,73.30,46.18,9.36,1.26
11/17/2008,850.75,72.65,45.16,9.18,1.26
11/18/2008,859.12,72.51,44.77,9.48,1.26
11/19/2008,806.58,72.26,43.26,9.10,1.25
11/20/2008,752.44,73.45,39.55,8.86,1.24
11/21/2008,800.03,78.85,41.00,9.52,1.26
11/24/2008,851.81,80.91,44.13,10.43,1.29
11/25/2008,857.39,80.87,41.36,10.19,1.30
11/26/2008,887.68,80.38,44.54,10.19,1.29
11/28/2008,896.24,80.31,42.09,10.23,1.27
12/1/2008,816.21,75.65,39.89,9.18,1.26
12/2/2008,848.81,76.95,38.50,9.49,1.27
12/3/2008,870.74,76.18,38.05,9.51,1.27
12/4/2008,845.22,75.50,35.41,9.38,1.28
12/5/2008,876.07,74.52,34.25,9.40,1.27
12/8/2008,909.70,76.20,36.12,9.89,1.49
12/9/2008,888.67,76.33,34.45,9.70,1.29
12/10/2008,899.24,79.75,35.81,10.12,1.30
12/11/2008,873.59,80.65,38.64,10.20,1.33
12/12/2008,879.73,80.81,38.10,10.14,1.34
12/15/2008,868.57,82.60,36.84,10.55,1.37
12/16/2008,913.18,84.46,36.44,11.03,1.41
12/17/2008,904.42,85.43,34.81,11.29,1.44
12/18/2008,885.28,83.87,32.73,10.84,1.43
12/19/2008,887.88,82.63,33.06,10.67,1.39
12/22/2008,871.63,83.46,30.63,10.73,1.40
12/23/2008,863.16,82.63,30.00,10.16,1.39
12/24/2008,868.15,83.46,29.02,10.28,1.40
12/26/2008,872.80,85.60,29.10,10.64,1.40
12/29/2008,869.42,86.35,30.92,10.77,1.40
12/30/2008,890.64,85.90,30.20,10.82,1.41
12/31/2008,903.25,86.52,33.10,11.20,1.40
1/2/2009,931.80,86.23,35.63,11.41,1.39
1/5/2009,927.45,84.48,37.30,11.11,1.36
1/6/2009,934.70,85.13,37.25,11.34,1.35
1/7/2009,906.65,82.75,33.27,10.86,1.36
1/8/2009,909.73,84.46,33.20,10.99,1.37
1/9/2009,890.35,83.92,32.37,11.10,1.35
1/12/2009,870.26,80.76,30.65,10.50,1.34
1/13/2009,871.79,80.88,31.84,10.60,1.32
1/14/2009,842.62,79.79,31.23,10.45,1.32
1/15/2009,843.74,80.39,30.18,10.49,1.32
1/16/2009,850.12,82.71,29.86,11.11,1.33
1/20/2009,805.22,84.52,28.66,11.09,1.29
1/21/2009,840.24,84.15,31.03,11.18,1.30
1/22/2009,827.50,84.58,30.02,11.33,1.30
1/23/2009,831.95,88.53,32.33,11.85,1.30
1/26/2009,836.57,88.95,32.14,11.90,1.32
1/27/2009,845.71,88.38,29.50,11.85,1.32
1/28/2009,874.09,87.42,29.75,11.86,1.32
1/29/2009,845.14,89.50,29.22,12.26,1.29
1/30/2009,825.88,91.31,29.22,12.52,1.28
2/2/2009,825.44,88.84,28.40,12.21,1.28
2/3/2009,838.51,88.47,28.87,12.32,1.30
2/4/2009,832.23,89.18,28.27,12.42,1.29
2/5/2009,845.85,90.12,28.81,12.75,1.28
2/6/2009,868.60,89.59,28.20,12.91,1.29
2/9/2009,869.89,88.32,28.25,12.72,1.30
2/10/2009,827.16,90.21,26.91,12.98,1.29
2/11/2009,833.74,92.29,26.08,13.34,1.29
2/12/2009,835.19,93.17,26.13,13.33,1.29
2/13/2009,826.84,92.55,25.60,13.54,1.29
2/17/2009,789.17,95.45,23.46,13.99,1.26
2/18/2009,788.42,96.91,22.86,14.17,1.26
2/19/2009,778.94,95.77,24.28,13.89,1.27
2/20/2009,770.05,97.80,24.35,14.25,1.29
2/23/2009,743.33,97.73,23.32,14.34,1.27
2/24/2009,773.14,94.73,24.44,13.61,1.29
2/25/2009,764.90,93.15,26.00,13.49,1.27
2/26/2009,752.83,93.06,27.23,12.97,1.27
2/27/2009,735.09,92.63,27.05,12.88,1.27
3/2/2009,700.82,90.93,24.48,12.77,1.26
3/3/2009,696.33,90.04,25.39,12.65,1.25
3/4/2009,712.87,88.99,27.61,12.78,1.26
3/5/2009,682.55,91.99,26.56,13.15,1.25
3/6/2009,683.38,92.29,27.99,13.18,1.26
3/9/2009,676.53,90.57,28.65,12.77,1.26
3/10/2009,719.60,88.14,27.83,12.45,1.27
3/11/2009,721.36,89.22,26.30,12.59,1.28
3/12/2009,750.74,91.10,28.23,12.79,1.29
3/13/2009,756.55,91.30,27.63,13.05,1.29
3/16/2009,753.89,90.80,28.25,12.79,1.30
3/17/2009,778.12,90.04,29.44,12.60,1.30
3/18/2009,794.35,93.09,29.61,12.77,1.35
3/19/2009,784.04,94.35,30.36,13.42,1.37
3/20/2009,768.54,93.59,30.76,13.61,1.36
3/23/2009,822.92,92.08,31.78,13.46,1.36
3/24/2009,806.12,90.95,31.61,13.25,1.35
3/25/2009,813.88,91.98,31.21,13.35,1.36
3/26/2009,832.86,91.93,32.02,13.35,1.35
3/27/2009,815.94,90.69,30.75,13.15,1.33
3/30/2009,787.53,89.98,28.70,12.85,1.32
3/31/2009,797.87,90.28,29.05,12.79,1.32
4/1/2009,811.08,91.03,28.58,12.84,1.35
4/2/2009,834.38,88.80,30.98,12.77,1.35
4/6/2009,835.48,85.27,30.23,11.94,1.33
4/7/2009,815.55,86.74,28.94,12.07,1.33
4/8/2009,825.16,86.61,29.49,12.14,1.32
4/9/2009,856.56,86.31,30.69,12.17,1.32
4/13/2009,858.73,87.88,29.68,12.57,1.33
4/14/2009,841.50,87.37,29.21,12.54,1.32
4/15/2009,852.06,87.50,29.31,12.55,1.32
4/16/2009,865.30,85.81,29.29,12.06,1.30
4/20/2009,832.39,86.95,27.22,11.89,1.29
4/21/2009,850.08,86.89,27.33,11.86,1.30
4/22/2009,843.55,87.38,27.34,12.13,1.31
4/23/2009,851.92,88.80,27.88,12.54,1.33
4/27/2009,857.51,89.01,28.08,12.66,1.31
4/28/2009,855.16,87.75,27.85,12.30,1.33
4/29/2009,873.64,88.33,28.56,12.55,1.32
4/30/2009,872.81,87.27,28.63,12.21,1.33
5/4/2009,907.24,88.64,30.56,12.83,1.33
5/5/2009,903.80,88.25,30.15,13.14,1.33
5/6/2009,919.53,89.54,31.43,13.52,1.34
5/7/2009,907.39,89.44,31.49,13.60,1.36
5/11/2009,909.24,89.69,32.29,13.74,1.36
5/12/2009,908.35,90.70,32.63,14.02,1.36
5/13/2009,883.92,91.09,32.19,13.81,1.36
5/14/2009,893.07,91.03,32.40,13.85,1.35
5/18/2009,909.71,90.36,32.71,13.58,1.36
5/19/2009,908.13,90.96,32.79,13.98,1.38
5/20/2009,903.47,92.25,33.87,14.10,1.39
5/21/2009,888.33,93.85,33.38,14.34,1.40
5/26/2009,910.33,93.76,34.11,14.42,1.38
5/27/2009,893.06,93.45,34.58,14.58,1.39
5/28/2009,906.83,94.24,35.34,14.93,1.42
6/1/2009,942.87,95.73,37.43,15.35,1.43
6/2/2009,944.74,96.36,37.61,15.75,1.41
6/3/2009,931.76,94.41,36.25,15.14,1.42
6/4/2009,942.46,96.23,37.69,15.63,1.40
6/8/2009,939.14,93.56,37.54,14.76,1.41
6/9/2009,942.43,93.83,38.19,15.03,1.40
6/10/2009,939.15,93.86,38.97,15.01,1.41
6/11/2009,944.89,93.70,39.68,15.13,1.40
6/15/2009,923.72,91.10,38.52,13.83,1.38
6/16/2009,911.97,91.93,38.51,13.99,1.39
6/17/2009,910.71,92.35,38.70,14.12,1.39
6/18/2009,918.37,91.61,38.85,13.97,1.39
6/22/2009,893.04,90.54,36.25,13.54,1.41
6/23/2009,895.10,90.92,37.41,13.62,1.39
6/24/2009,900.94,91.45,37.09,13.68,1.40
6/25/2009,920.26,92.31,38.05,13.81,1.41
6/29/2009,927.23,92.04,38.67,13.66,1.40
6/30/2009,919.32,91.18,37.93,13.38,1.41
7/1/2009,923.33,92.39,37.46,13.55,1.40
7/2/2009,896.42,91.25,36.05,13.16,1.40
7/6/2009,898.72,90.76,34.71,13.10,1.39
7/7/2009,881.03,90.71,33.81,12.89,1.39
7/8/2009,879.56,89.27,32.57,12.69,1.40
7/9/2009,882.68,89.51,32.77,12.67,1.39
7/13/2009,901.05,90.19,32.37,12.66,1.40
7/14/2009,905.84,90.81,32.11,12.72,1.41
7/15/2009,932.68,92.24,33.47,13.06,1.41
7/16/2009,940.74,91.98,33.56,13.09,1.41
7/20/2009,951.13,93.28,34.83,13.45,1.42
7/21/2009,954.58,93.13,34.94,13.33,1.42
7/22/2009,954.07,93.44,34.81,13.45,1.42
7/23/2009,976.29,93.26,35.79,13.52,1.42
7/27/2009,982.18,93.71,36.32,13.84,1.41
7/28/2009,979.62,92.11,35.76,13.52,1.40
7/29/2009,975.15,91.20,33.47,13.12,1.41
7/30/2009,986.75,91.62,35.49,13.25,1.43
8/3/2009,1002.63,93.87,37.92,14.03,1.44
8/4/2009,1005.65,94.68,37.97,14.35,1.44
8/5/2009,1002.72,94.78,38.20,14.52,1.44
8/6/2009,997.08,94.60,38.27,14.32,1.42
8/10/2009,1007.10,92.93,37.71,14.15,1.42
8/11/2009,994.35,92.79,36.86,14.09,1.42
8/12/2009,1005.81,92.95,37.35,14.34,1.43
8/13/2009,1012.73,93.72,37.80,14.79,1.42
8/17/2009,979.73,91.61,35.52,13.75,1.42
8/18/2009,989.67,92.06,36.86,13.72,1.43
8/19/2009,996.46,92.53,38.12,13.57,1.43
8/20/2009,1007.37,92.27,37.67,13.70,1.43
8/24/2009,1025.57,92.34,38.30,13.90,1.43
8/25/2009,1028.00,92.76,37.17,14.04,1.42
8/26/2009,1028.12,92.79,36.95,14.09,1.44
8/27/2009,1030.98,93.19,37.72,14.08,1.44
8/31/2009,1020.62,93.40,36.05,14.62,1.42
9/1/2009,998.04,93.90,35.27,14.76,1.43
9/2/2009,994.75,96.19,35.18,15.22,1.43
9/3/2009,1003.24,97.46,35.32,15.87,1.43
9/8/2009,1025.39,97.43,36.94,16.15,1.45
9/9/2009,1033.37,97.08,36.94,16.06,1.46
9/10/2009,1044.14,97.70,37.37,16.41,1.46
9/14/2009,1049.34,97.96,35.71,16.31,1.47
9/15/2009,1052.63,98.90,36.70,16.78,1.47
9/16/2009,1068.76,99.91,37.43,17.14,1.47
9/17/2009,1065.49,99.34,37.49,16.95,1.47
9/21/2009,1064.66,98.36,35.85,16.54,1.48
9/22/2009,1071.66,99.67,36.98,16.88,1.47
9/23/2009,1060.87,98.83,35.13,16.54,1.47
9/24/2009,1050.78,97.55,33.97,15.99,1.47
9/28/2009,1062.98,97.05,34.51,15.91,1.46
9/29/2009,1060.61,97.43,34.31,15.89,1.47
9/30/2009,1057.08,98.85,36.19,16.38,1.45
10/1/2009,1029.85,97.89,36.23,16.04,1.46
10/5/2009,1040.46,99.82,36.18,16.38,1.47
10/6/2009,1054.72,102.28,36.54,17.08,1.47
10/7/2009,1057.58,102.36,35.96,17.25,1.48
10/8/2009,1065.48,103.64,36.68,17.52,1.47
10/12/2009,1076.19,103.56,37.69,17.48,1.48
10/13/2009,1073.19,104.26,38.15,17.48,1.49
10/14/2009,1092.02,104.18,38.61,17.56,1.50
10/15/2009,1096.56,102.86,39.91,17.06,1.49
10/19/2009,1097.91,104.23,40.76,17.44,1.49
10/20/2009,1091.06,103.42,40.39,17.20,1.50
10/21/2009,1081.40,103.75,41.33,17.36,1.50
10/22/2009,1092.91,103.92,41.47,17.32,1.50
10/26/2009,1066.95,101.86,40.13,16.79,1.49
10/27/2009,1063.41,101.85,40.59,16.34,1.48
10/28/2009,1042.63,100.73,39.46,15.86,1.47
10/29/2009,1066.11,102.69,40.90,16.41,1.48
10/30/2009,1036.19,102.53,39.32,16.07,1.47
11/2/2009,1042.88,103.95,39.97,16.16,1.48
11/3/2009,1045.41,106.46,40.62,17.00,1.47
11/4/2009,1046.50,107.10,40.99,17.14,1.49
11/5/2009,1066.63,106.98,40.80,17.12,1.49
11/6/2009,1069.30,107.43,39.70,17.09,1.48
11/9/2009,1093.08,108.19,40.50,17.29,1.50
11/10/2009,1093.01,108.39,40.41,17.03,1.50
11/11/2009,1098.51,109.60,40.55,17.29,1.50
11/12/2009,1087.24,108.21,39.27,16.92,1.49
11/13/2009,1093.48,109.74,39.12,17.15,1.49
11/16/2009,1109.30,111.63,40.29,18.01,1.50
11/17/2009,1110.32,111.97,40.48,18.13,1.49
11/18/2009,1109.80,112.25,40.67,18.23,1.50
11/19/2009,1094.90,112.30,39.66,18.26,1.49
11/20/2009,1091.38,112.94,39.42,18.22,1.49
11/23/2009,1106.24,114.29,39.38,18.27,1.50
11/24/2009,1105.65,114.73,38.58,18.25,1.50
11/25/2009,1110.63,116.62,39.50,18.52,1.51
11/27/2009,1091.49,115.06,38.50,17.95,1.50
11/30/2009,1095.63,115.64,39.15,18.15,1.50
12/1/2009,1108.86,117.38,39.62,18.78,1.51
12/2/2009,1109.24,119.18,38.84,18.89,1.51
12/3/2009,1099.92,118.70,38.52,18.62,1.51
12/4/2009,1105.98,113.75,38.33,18.15,1.49
12/7/2009,1103.25,113.11,37.49,17.82,1.48
12/8/2009,1091.94,110.95,36.85,17.30,1.47
12/9/2009,1095.95,110.84,35.87,17.15,1.47
12/10/2009,1102.35,110.82,35.73,17.09,1.47
12/11/2009,1106.41,109.32,35.48,16.87,1.46
12/14/2009,1114.11,110.24,35.58,17.08,1.47
12/15/2009,1107.93,110.21,35.93,17.09,1.45
12/16/2009,1109.18,111.59,36.74,17.36,1.45
12/17/2009,1096.08,107.34,36.36,16.79,1.43
12/18/2009,1102.47,108.95,36.66,16.95,1.43
12/21/2009,1114.05,106.95,36.16,16.69,1.43
12/22/2009,1118.02,106.17,36.56,16.64,1.43
12/23/2009,1120.59,106.55,37.74,16.81,1.43
12/24/2009,1126.48,108.36,38.20,17.17,1.44
12/28/2009,1127.78,108.55,38.86,17.22,1.44
12/29/2009,1126.20,107.47,38.84,16.81,1.43
12/30/2009,1126.42,106.93,39.14,16.53,1.43
12/31/2009,1115.10,107.31,39.28,16.54,1.43
1/4/2010,1132.99,109.80,40.27,17.23,1.44
1/5/2010,1136.52,109.70,40.41,17.51,1.44
1/6/2010,1137.14,111.51,40.97,17.86,1.44
1/7/2010,1141.69,110.82,40.72,17.89,1.43
1/8/2010,1144.98,111.37,40.93,18.15,1.44
1/11/2010,1146.98,112.85,40.54,18.21,1.45
1/12/2010,1136.22,110.49,39.63,17.91,1.45
1/13/2010,1145.68,111.54,39.21,18.27,1.45
1/14/2010,1148.46,112.03,39.06,18.31,1.45
1/15/2010,1136.03,110.86,38.40,18.05,1.44
1/19/2010,1150.23,111.52,38.93,18.45,1.43
1/20/2010,1138.04,108.94,37.89,17.57,1.41
1/21/2010,1116.48,107.37,37.24,17.07,1.41
1/22/2010,1091.76,107.17,36.34,16.78,1.41
1/25/2010,1096.78,107.48,36.81,16.83,1.42
1/26/2010,1092.17,107.56,36.50,16.43,1.41
1/27/2010,1097.50,106.53,36.08,16.26,1.40
1/28/2010,1084.53,106.48,36.16,15.92,1.40
1/29/2010,1073.87,105.96,35.64,15.90,1.39
2/1/2010,1089.19,108.35,36.72,16.36,1.39
2/2/2010,1103.32,109.13,37.53,16.35,1.40
2/3/2010,1097.28,108.70,37.65,16.07,1.39
2/4/2010,1063.11,104.37,35.80,15.04,1.37
2/5/2010,1066.19,104.68,35.21,14.90,1.37
2/8/2010,1056.74,104.04,35.09,14.75,1.37
2/9/2010,1070.52,105.41,36.21,15.12,1.38
2/10/2010,1068.13,105.12,36.51,14.95,1.38
2/11/2010,1078.47,107.13,36.78,15.37,1.37
2/12/2010,1075.51,107.04,36.31,15.24,1.36
2/16/2010,1094.87,109.62,37.79,15.82,1.38
2/17/2010,1099.51,109.25,37.97,15.74,1.36
2/18/2010,1106.75,109.98,38.73,15.88,1.35
2/19/2010,1109.17,109.47,39.09,15.97,1.36
2/22/2010,1108.01,109.07,39.03,15.90,1.36
2/23/2010,1094.60,107.89,38.33,15.57,1.35
2/24/2010,1105.24,107.36,38.99,15.62,1.35
2/25/2010,1102.94,108.31,38.11,15.77,1.35
2/26/2010,1104.49,109.43,38.82,16.07,1.36
3/1/2010,1115.71,109.43,38.35,16.11,1.36
3/2/2010,1118.31,111.02,38.80,16.56,1.36
3/3/2010,1118.79,111.63,39.40,16.82,1.37
3/4/2010,1122.97,110.83,39.15,16.79,1.36
3/5/2010,1138.70,110.81,39.85,17.01,1.36
3/8/2010,1138.50,109.88,39.79,16.89,1.36
3/9/2010,1140.45,109.72,39.55,16.92,1.36
3/10/2010,1145.61,108.47,39.90,16.66,1.36
3/11/2010,1150.24,108.60,40.05,16.81,1.37
3/12/2010,1149.99,107.95,39.51,16.76,1.38
3/15/2010,1150.51,108.36,38.83,16.74,1.37
3/16/2010,1159.46,110.40,39.79,17.05,1.38
3/17/2010,1166.21,109.59,40.23,17.08,1.37
3/18/2010,1165.83,110.34,39.92,17.08,1.36
3/19/2010,1159.90,108.28,39.20,16.65,1.35
3/22/2010,1165.81,107.75,39.56,16.60,1.36
3/23/2010,1174.17,108.32,39.70,16.72,1.35
3/24/2010,1167.72,106.30,38.94,16.29,1.33
3/25/2010,1165.73,106.78,38.90,16.32,1.33
3/26/2010,1166.59,108.59,38.83,16.61,1.34
3/29/2010,1173.22,108.75,39.96,17.04,1.34
3/30/2010,1173.27,107.97,39.95,16.95,1.35
3/31/2010,1169.43,108.95,40.29,17.14,1.36
4/1/2010,1178.10,110.26,41.24,17.54,1.35
4/5/2010,1187.44,110.89,42.07,17.75,1.34
4/6/2010,1189.44,111.03,42.02,17.61,1.33
4/7/2010,1182.45,112.49,41.52,17.77,1.34
4/8/2010,1186.44,112.65,41.44,17.72,1.35
4/12/2010,1196.48,113.01,40.93,17.80,1.36
4/13/2010,1197.30,112.69,40.89,17.84,1.37
4/14/2010,1210.65,113.03,41.76,18.07,1.36
4/15/2010,1211.67,113.65,41.71,18.07,1.35
4/19/2010,1197.52,111.15,40.11,17.38,1.34
4/20/2010,1207.17,111.46,40.30,17.48,1.34
4/21/2010,1205.94,112.31,40.27,17.77,1.33
4/22/2010,1208.67,111.84,40.30,17.64,1.34
4/26/2010,1212.05,112.75,40.35,17.93,1.32
4/27/2010,1183.71,114.63,39.37,17.88,1.32
4/28/2010,1191.36,114.31,39.97,17.75,1.33
4/29/2010,1206.78,114.28,41.04,18.14,1.33
5/3/2010,1202.26,115.73,41.46,18.42,1.30
5/4/2010,1173.60,114.87,39.70,17.59,1.28
5/5/2010,1165.87,115.09,38.31,17.11,1.26
5/6/2010,1128.15,118.49,36.96,17.32,1.28
5/10/2010,1159.73,117.57,37.23,18.11,1.26
5/11/2010,1155.79,120.66,36.76,18.95,1.26
5/12/2010,1171.67,121.40,36.77,19.12,1.25
5/13/2010,1157.44,120.56,36.13,18.99,1.24
5/17/2010,1136.94,119.36,33.88,18.53,1.22
5/18/2010,1120.80,119.49,33.47,18.57,1.24
5/19/2010,1115.05,116.63,33.51,17.87,1.25
5/20/2010,1071.59,115.84,32.20,17.35,1.26
5/24/2010,1073.65,116.84,32.17,17.56,1.23
5/25/2010,1074.03,117.36,31.85,17.54,1.22
5/26/2010,1067.95,118.47,32.59,17.74,1.23
5/27/2010,1103.06,118.69,34.31,18.12,1.23
6/1/2010,1070.71,119.91,33.18,18.02,1.22
6/2/2010,1098.38,119.78,33.79,17.98,1.22
6/3/2010,1102.83,117.96,34.26,17.64,1.20
6/7/2010,1050.47,121.49,32.59,17.81,1.20
6/8/2010,1062.00,121.00,33.19,17.89,1.20
6/9/2010,1055.69,120.56,33.95,17.76,1.21
6/10/2010,1086.84,118.97,34.77,17.86,1.21
6/14/2010,1089.63,119.60,34.33,17.86,1.23
6/15/2010,1115.23,120.99,35.23,18.19,1.23
6/16/2010,1114.61,120.33,35.49,18.08,1.24
6/17/2010,1116.04,121.90,35.14,18.33,1.24
6/21/2010,1113.20,120.39,35.33,18.33,1.23
6/22/2010,1095.31,121.45,35.00,18.42,1.23
6/23/2010,1092.04,120.95,34.24,18.18,1.23
6/24/2010,1073.69,121.30,34.39,18.26,1.24
6/28/2010,1074.57,121.09,35.21,18.38,1.22
6/29/2010,1041.24,121.27,34.17,18.13,1.22
6/30/2010,1030.71,121.68,33.96,18.21,1.25
7/1/2010,1027.37,117.04,32.87,17.44,1.26
7/6/2010,1028.06,116.51,32.61,17.40,1.26
7/7/2010,1060.27,117.73,33.65,17.65,1.27
7/8/2010,1070.25,117.21,34.23,17.61,1.26
7/12/2010,1078.75,117.34,33.78,17.62,1.27
7/13/2010,1095.34,118.36,34.74,17.82,1.27
7/14/2010,1095.17,118.30,34.66,17.96,1.29
7/15/2010,1096.48,118.23,34.58,17.95,1.29
7/19/2010,1071.25,115.73,34.46,17.27,1.29
7/20/2010,1083.48,116.65,34.82,17.33,1.28
7/21/2010,1069.59,115.85,34.20,17.31,1.29
7/22/2010,1093.67,116.86,35.42,17.71,1.29
7/26/2010,1115.01,115.52,35.35,17.78,1.30
7/27/2010,1113.84,113.51,34.67,17.30,1.30
7/28/2010,1106.13,113.78,34.36,17.16,1.31
7/29/2010,1101.53,114.29,35.06,17.24,1.30
8/2/2010,1125.86,115.54,36.48,17.96,1.32
8/3/2010,1120.46,115.99,36.91,18.02,1.32
8/4/2010,1127.24,116.72,36.90,17.93,1.32
8/5/2010,1125.81,116.98,36.71,17.96,1.32
8/9/2010,1127.79,117.40,36.53,17.96,1.32
8/10/2010,1121.06,117.73,35.87,17.97,1.32
8/11/2010,1089.47,117.34,34.74,17.53,1.28
8/12/2010,1083.61,118.77,33.92,17.69,1.28
8/16/2010,1079.38,119.73,33.61,18.00,1.28
8/17/2010,1092.54,119.75,33.87,18.12,1.29
8/18/2010,1094.16,120.22,33.68,18.02,1.29
8/19/2010,1075.63,120.39,33.25,17.92,1.28
8/23/2010,1067.36,119.78,32.43,17.61,1.26
8/24/2010,1051.87,120.36,31.77,17.99,1.26
8/25/2010,1055.33,121.36,32.37,18.54,1.27
8/26/2010,1047.22,120.96,32.62,18.59,1.27
8/30/2010,1048.92,120.91,33.02,18.63,1.27
8/31/2010,1049.33,122.08,31.92,18.93,1.27
9/1/2010,1080.29,121.69,32.95,18.96,1.28
9/2/2010,1090.10,122.29,33.39,19.28,1.28
9/7/2010,1091.84,122.70,32.77,19.36,1.27
9/8/2010,1098.87,122.71,33.14,19.50,1.27
9/9/2010,1104.18,121.56,32.89,19.32,1.27
9/13/2010,1121.90,121.62,34.03,19.54,1.29
9/14/2010,1121.10,124.02,33.89,20.05,1.30
9/15/2010,1125.07,123.94,33.49,20.17,1.30
9/16/2010,1124.66,124.63,32.98,20.35,1.31
9/20/2010,1142.71,124.87,33.22,20.29,1.31
9/21/2010,1139.78,126.01,32.65,20.59,1.33
9/22/2010,1134.28,126.20,32.58,20.71,1.34
9/23/2010,1124.83,126.30,32.67,20.66,1.33
9/27/2010,1142.16,126.72,33.24,20.99,1.34
9/28/2010,1147.70,127.85,33.19,21.29,1.36
9/29/2010,1144.73,127.95,33.94,21.40,1.36
9/30/2010,1141.20,127.91,34.84,21.31,1.36
10/4/2010,1137.03,128.46,35.59,21.51,1.37
10/5/2010,1160.75,130.99,36.09,22.34,1.38
10/6/2010,1159.97,131.81,36.28,22.69,1.39
10/7/2010,1158.06,130.37,35.46,22.02,1.39
10/11/2010,1165.32,132.29,35.60,22.78,1.39
10/12/2010,1169.77,131.96,35.65,22.84,1.39
10/13/2010,1178.10,134.07,36.16,23.49,1.40
10/14/2010,1173.81,134.75,36.00,24.03,1.41
10/18/2010,1184.71,134.28,36.28,23.96,1.39
10/19/2010,1165.90,130.11,34.62,22.84,1.37
10/20/2010,1178.17,131.32,35.59,23.33,1.40
10/21/2010,1180.26,129.47,34.85,22.59,1.39
10/25/2010,1185.62,130.85,35.57,23.10,1.39
10/26/2010,1185.64,130.88,35.68,23.28,1.39
10/27/2010,1182.45,129.52,35.42,23.07,1.38
10/28/2010,1183.78,131.24,35.39,23.43,1.38
11/1/2010,1184.38,131.92,35.81,24.07,1.40
11/2/2010,1193.57,132.49,36.27,24.31,1.39
11/3/2010,1197.96,131.57,36.74,24.25,1.40
11/4/2010,1221.06,136.03,37.49,25.63,1.41
11/5/2010,1225.85,136.38,37.65,26.20,1.42
11/8/2010,1223.25,137.78,37.53,27.15,1.41
11/9/2010,1213.40,135.59,37.05,26.18,1.39
11/10/2010,1218.71,137.24,38.04,26.72,1.38
11/11/2010,1213.54,137.66,37.84,27.11,1.38
11/12/2010,1199.21,133.69,36.47,25.52,1.36
11/15/2010,1197.75,132.42,36.50,24.93,1.37
11/16/2010,1178.34,130.97,35.45,24.93,1.36
11/17/2010,1178.59,130.38,34.73,25.00,1.35
11/18/2010,1196.69,132.09,35.50,26.35,1.36
11/19/2010,1199.73,132.20,35.22,26.74,1.37
11/22/2010,1197.84,133.48,35.05,27.17,1.37
11/23/2010,1180.73,134.41,34.95,26.87,1.36
11/24/2010,1198.35,134.18,36.08,26.94,1.34
11/26/2010,1189.40,133.11,35.97,26.13,1.33
11/29/2010,1187.76,133.51,36.78,26.55,1.32
11/30/2010,1180.55,135.42,36.04,27.44,1.31
12/1/2010,1206.07,135.38,37.20,27.81,1.30
12/2/2010,1221.53,135.20,37.77,27.93,1.31
12/3/2010,1224.71,138.07,38.31,28.60,1.32
12/6/2010,1223.12,139.11,38.22,29.51,1.34
12/7/2010,1223.75,136.50,37.80,28.08,1.33
12/8/2010,1228.28,134.79,37.96,27.70,1.32
12/9/2010,1233.00,135.37,37.94,28.03,1.33
12/10/2010,1240.40,135.41,37.66,27.98,1.32
12/13/2010,1240.46,136.05,37.89,28.87,1.32
12/14/2010,1241.59,136.18,37.90,28.81,1.34
12/15/2010,1235.23,134.70,37.99,28.08,1.34
12/16/2010,1242.87,133.81,37.77,28.28,1.32
12/17/2010,1243.91,134.20,37.81,28.51,1.32
12/20/2010,1247.08,135.11,38.05,28.71,1.32
12/21/2010,1254.60,135.32,38.29,28.64,1.31
12/22/2010,1258.84,135.05,38.64,28.57,1.31
12/23/2010,1256.77,134.66,38.98,28.61,1.31
12/27/2010,1257.54,135.02,38.71,28.59,1.31
12/28/2010,1258.51,137.22,38.91,29.53,1.32
12/29/2010,1259.78,137.71,38.82,29.87,1.31
12/30/2010,1257.88,137.03,38.12,29.76,1.32
12/31/2010,1257.64,138.72,39.00,30.18,1.33
1/3/2011,1271.87,138.00,39.05,29.98,1.34
1/4/2011,1270.20,134.75,38.08,29.08,1.34
1/5/2011,1276.56,134.37,38.52,28.61,1.33
1/6/2011,1273.85,133.83,37.68,28.42,1.32
1/7/2011,1271.50,133.58,37.67,28.10,1.30
1/10/2011,1269.75,134.12,38.17,28.29,1.29
1/11/2011,1274.48,134.91,38.88,28.89,1.30
1/12/2011,1285.96,135.46,38.99,29.00,1.30
1/13/2011,1283.76,134.05,38.65,28.00,1.31
1/14/2011,1293.24,132.69,38.92,27.74,1.34
1/18/2011,1295.02,133.43,38.73,28.15,1.33
1/19/2011,1281.92,133.72,38.54,28.08,1.34
1/20/2011,1280.26,131.20,37.57,26.85,1.35
1/21/2011,1283.35,131.03,37.51,26.83,1.35
1/24/2011,1290.84,130.36,36.93,26.36,1.36
1/25/2011,1291.18,130.10,36.27,26.23,1.36
1/26/2011,1296.63,131.16,36.85,26.89,1.37
1/27/2011,1299.54,127.93,35.94,26.29,1.37
1/28/2011,1276.34,130.28,37.58,27.30,1.37
1/31/2011,1286.12,129.87,38.61,27.39,1.36
2/1/2011,1307.59,130.80,38.07,27.87,1.37
2/2/2011,1304.03,130.45,38.18,27.69,1.38
2/3/2011,1307.10,132.20,38.09,28.29,1.38
2/4/2011,1310.87,131.66,37.34,28.40,1.36
2/7/2011,1319.05,131.68,36.66,28.66,1.36
2/8/2011,1324.57,133.14,36.64,29.64,1.36
2/9/2011,1320.88,133.07,36.50,29.52,1.36
2/10/2011,1321.87,132.85,36.54,29.46,1.37
2/11/2011,1329.15,132.32,36.05,29.21,1.36
2/14/2011,1332.32,132.95,35.88,29.96,1.35
2/15/2011,1328.01,133.97,35.39,30.00,1.35
2/16/2011,1336.32,134.10,35.53,29.96,1.35
2/17/2011,1340.43,135.04,36.06,31.03,1.36
2/18/2011,1343.01,135.41,36.36,31.79,1.36
2/22/2011,1315.44,136.29,38.49,32.26,1.37
2/23/2011,1307.40,137.51,39.80,32.71,1.37
2/24/2011,1306.10,136.48,38.97,31.20,1.38
2/25/2011,1319.88,137.38,39.68,32.56,1.38
2/28/2011,1327.22,137.66,39.19,33.11,1.37
3/1/2011,1306.33,140.03,40.48,33.87,1.38
3/2/2011,1308.44,139.92,41.39,33.84,1.38
3/3/2011,1330.97,138.09,41.18,33.42,1.39
3/4/2011,1321.15,139.35,42.33,34.69,1.40
3/7/2011,1310.13,139.72,42.37,35.23,1.40
3/8/2011,1321.82,139.36,42.31,35.18,1.40
3/9/2011,1320.02,139.41,42.05,35.27,1.39
3/10/2011,1295.11,137.77,41.40,34.36,1.39
3/11/2011,1304.28,138.22,40.69,35.03,1.38
3/14/2011,1296.39,138.86,40.91,35.01,1.39
3/15/2011,1281.87,136.27,39.39,33.61,1.40
3/16/2011,1256.88,136.24,39.68,33.37,1.40
3/17/2011,1273.72,136.97,40.69,33.51,1.39
3/18/2011,1279.21,138.37,40.97,34.27,1.40
3/21/2011,1298.38,139.14,41.13,35.30,1.42
3/22/2011,1293.77,139.05,41.93,35.54,1.42
3/23/2011,1297.54,140.34,42.11,36.47,1.42
3/24/2011,1309.66,139.22,42.05,36.12,1.41
3/25/2011,1313.80,139.26,42.18,36.39,1.42
3/28/2011,1310.19,138.54,41.42,36.19,1.41
3/29/2011,1319.44,138.21,41.83,36.17,1.41
3/30/2011,1328.26,138.67,41.66,36.53,1.41
3/31/2011,1325.83,139.86,42.60,36.77,1.42
4/4/2011,1332.87,139.84,43.26,37.58,1.42
4/5/2011,1332.63,142.05,43.10,38.34,1.42
4/6/2011,1335.54,142.38,43.37,38.62,1.43
4/7/2011,1333.51,142.51,43.99,38.73,1.43
4/11/2011,1324.46,142.64,43.64,39.21,1.44
4/12/2011,1314.16,141.61,42.30,39.09,1.45
4/13/2011,1314.41,141.90,42.75,39.57,1.44
4/14/2011,1314.52,143.81,43.28,41.07,1.44
4/18/2011,1305.14,145.93,42.88,42.42,1.42
4/19/2011,1312.62,145.93,42.95,43.00,1.43
4/20/2011,1330.36,146.50,44.22,44.12,1.45
4/21/2011,1337.38,146.74,44.57,45.54,1.46
4/25/2011,1335.25,146.87,44.53,45.83,1.46
4/26/2011,1347.24,146.38,44.48,44.03,1.47
4/27/2011,1355.66,149.20,45.02,47.00,1.48
4/28/2011,1360.48,149.82,44.83,47.26,1.48
5/2/2011,1361.22,150.41,44.93,42.83,1.48
5/3/2011,1356.62,149.88,44.08,40.58,1.48
5/4/2011,1347.32,147.73,43.26,38.27,1.48
5/5/2011,1335.10,143.47,39.32,33.72,1.45
5/9/2011,1346.29,147.38,40.87,36.98,1.44
5/10/2011,1357.16,147.90,41.08,37.52,1.44
5/11/2011,1342.08,146.54,39.35,34.39,1.42
5/12/2011,1348.65,146.59,39.28,33.32,1.42
5/16/2011,1329.47,145.37,38.51,32.85,1.42
5/17/2011,1328.98,144.74,38.55,33.09,1.43
5/18/2011,1340.68,145.60,39.50,34.23,1.43
5/19/2011,1343.60,145.65,39.07,34.26,1.43
5/23/2011,1317.37,147.83,38.47,34.27,1.40
5/24/2011,1316.28,148.59,39.28,35.77,1.41
5/25/2011,1320.47,148.58,39.93,36.92,1.41
5/26/2011,1325.69,148.22,39.60,36.51,1.41
5/31/2011,1345.20,149.64,40.50,37.60,1.44
6/1/2011,1314.55,149.91,39.52,35.75,1.43
6/2/2011,1312.94,149.50,39.68,35.29,1.45
6/6/2011,1286.17,150.48,39.00,35.71,1.46
6/7/2011,1284.94,150.42,39.05,36.12,1.47
6/8/2011,1279.56,149.81,39.85,36.03,1.46
6/9/2011,1289.00,150.56,40.14,36.67,1.45
6/13/2011,1271.83,147.77,38.26,33.87,1.44
6/14/2011,1287.87,148.67,39.10,34.67,1.45
6/15/2011,1265.42,149.12,37.58,34.88,1.42
6/16/2011,1267.64,148.97,37.42,34.65,1.42
6/20/2011,1278.36,150.03,36.72,35.09,1.43
6/21/2011,1295.52,150.76,36.79,35.51,1.44
6/22/2011,1287.14,150.99,37.10,35.50,1.43
6/23/2011,1283.50,148.34,36.01,34.37,1.43
6/27/2011,1280.10,145.73,35.64,32.63,1.43
6/28/2011,1296.67,146.24,36.42,33.00,1.44
6/29/2011,1307.41,147.18,37.23,34.01,1.45
6/30/2011,1320.64,146.00,37.24,33.84,1.45
7/5/2011,1337.88,147.63,37.96,34.63,1.44
7/6/2011,1339.22,148.91,37.89,35.10,1.43
7/7/2011,1353.22,149.15,38.61,35.50,1.44
7/11/2011,1319.49,151.59,37.29,34.90,1.40
7/12/2011,1313.64,152.77,37.93,35.20,1.40
7/13/2011,1317.72,154.14,38.35,37.23,1.42
7/14/2011,1308.87,154.54,37.55,37.41,1.42
7/18/2011,1305.44,156.57,37.59,39.47,1.41
7/19/2011,1326.73,154.66,38.25,38.01,1.42
7/20/2011,1325.84,156.02,38.40,39.12,1.43
7/21/2011,1343.80,154.83,38.72,38.31,1.44
7/25/2011,1337.43,157.34,38.68,39.31,1.44
7/26/2011,1331.94,157.77,38.81,39.89,1.45
7/27/2011,1304.89,157.19,37.97,39.17,1.44
7/28/2011,1300.67,157.32,37.91,38.76,1.43
8/1/2011,1286.94,157.72,37.20,38.29,1.43
8/2/2011,1254.05,161.52,36.40,39.82,1.42
8/3/2011,1260.34,161.49,35.86,40.55,1.44
8/4/2011,1200.07,160.64,33.73,37.61,1.41
8/8/2011,1119.46,167.12,31.51,37.97,1.42
8/9/2011,1172.53,168.61,31.62,36.32,1.44
8/10/2011,1120.76,174.58,31.78,38.44,1.41
8/11/2011,1172.64,170.75,33.30,37.80,1.42
8/15/2011,1204.49,171.80,34.22,38.67,1.44
8/16/2011,1192.76,173.92,33.83,39.03,1.44
8/17/2011,1193.89,174.42,34.01,39.33,1.44
8/18/2011,1140.65,177.72,31.72,39.66,1.43
8/22/2011,1123.82,184.59,32.72,42.63,1.44
8/23/2011,1162.35,177.67,33.42,40.63,1.44
8/24/2011,1177.60,171.65,33.08,38.83,1.44
8/25/2011,1159.27,172.36,32.97,40.00,1.44
8/29/2011,1210.08,173.89,33.96,39.72,1.45
8/30/2011,1212.92,179.10,34.44,40.40,1.44
8/31/2011,1218.89,177.72,34.51,40.45,1.44
9/1/2011,1204.42,177.87,34.47,40.52,1.43
9/6/2011,1165.24,182.90,33.59,41.05,1.40
9/7/2011,1198.62,177.08,34.69,40.53,1.41
9/8/2011,1185.90,181.81,34.46,41.22,1.39
9/12/2011,1162.27,176.67,34.42,39.14,1.37
9/13/2011,1172.87,178.54,34.85,39.87,1.37
9/14/2011,1188.68,177.21,34.34,39.60,1.37
9/15/2011,1209.11,174.40,34.60,38.79,1.39
9/19/2011,1204.09,173.31,33.29,38.65,1.36
9/20/2011,1202.09,175.78,33.43,38.83,1.37
9/21/2011,1166.76,173.59,32.92,38.56,1.36
9/22/2011,1129.56,169.05,31.13,34.92,1.35
9/26/2011,1162.95,157.58,31.47,29.77,1.35
9/27/2011,1175.38,160.63,32.37,31.17,1.36
9/28/2011,1151.06,156.22,31.25,28.87,1.35
9/29/2011,1160.40,157.70,31.97,29.96,1.36
10/3/2011,1099.23,160.96,29.74,29.49,1.32
10/4/2011,1123.95,157.64,29.91,29.09,1.33
10/5/2011,1144.03,159.46,30.84,29.66,1.33
10/6/2011,1164.97,160.49,31.98,31.20,1.34
10/10/2011,1194.89,163.27,33.24,31.26,1.36
10/11/2011,1195.54,162.10,33.01,31.38,1.36
10/12/2011,1207.25,163.26,32.92,31.77,1.38
10/13/2011,1203.66,162.30,32.65,30.94,1.37
10/17/2011,1200.86,162.62,33.43,31.04,1.37
10/18/2011,1225.38,161.84,34.15,31.33,1.37
10/19/2011,1209.88,159.87,33.31,30.23,1.38
10/20/2011,1215.39,157.77,33.33,29.73,1.38
10/24/2011,1254.19,161.02,35.38,30.87,1.39
10/25/2011,1229.05,165.59,35.80,32.43,1.39
10/26/2011,1242.00,167.40,35.06,32.50,1.39
10/27/2011,1284.59,169.55,36.21,34.10,1.42
10/31/2011,1253.30,167.34,35.74,33.44,1.41
11/1/2011,1218.28,167.38,35.20,32.33,1.39
11/2/2011,1237.90,169.06,35.67,33.25,1.37
11/3/2011,1261.15,171.72,36.32,33.62,1.37
11/4/2011,1253.23,170.85,36.46,33.20,1.38
11/7/2011,1261.12,174.98,37.09,34.08,1.38
11/8/2011,1275.92,173.53,37.43,34.00,1.38
11/9/2011,1229.10,172.07,37.00,33.10,1.38
11/10/2011,1239.70,171.14,37.72,33.14,1.35
11/11/2011,1263.85,173.96,38.21,33.74,1.36
11/14/2011,1251.78,173.20,37.86,33.33,1.38
11/15/2011,1257.81,173.36,38.43,33.66,1.36
11/16/2011,1236.91,171.51,39.34,32.82,1.35
11/17/2011,1216.13,167.10,38.23,30.64,1.34
11/18/2011,1215.65,167.62,37.82,31.40,1.35
11/21/2011,1192.98,163.50,37.59,30.76,1.35
11/22/2011,1188.04,165.31,37.82,31.89,1.35
11/23/2011,1161.79,164.83,37.16,30.93,1.35
11/25/2011,1158.67,163.40,37.16,30.20,1.33
11/28/2011,1192.55,166.63,37.85,31.27,1.33
11/29/2011,1195.19,166.88,38.55,31.03,1.33
11/30/2011,1246.96,170.13,38.78,32.00,1.33
12/1/2011,1244.58,169.63,38.61,31.86,1.34
12/2/2011,1244.28,169.82,39.03,31.65,1.35
12/5/2011,1257.08,167.32,39.01,31.05,1.34
12/6/2011,1258.47,168.18,39.00,31.93,1.34
12/7/2011,1261.01,169.40,38.81,31.61,1.34
12/8/2011,1234.35,165.98,37.78,30.70,1.34
12/9/2011,1255.19,166.40,38.50,31.33,1.33
12/12/2011,1236.47,161.99,37.88,30.49,1.34
12/13/2011,1225.73,158.45,38.61,29.82,1.32
12/14/2011,1211.82,152.89,36.66,28.07,1.30
12/15/2011,1215.75,152.33,36.13,28.22,1.30
12/16/2011,1219.66,155.23,36.27,28.85,1.30
12/19/2011,1205.35,154.87,36.20,27.96,1.30
12/20/2011,1241.30,156.98,37.56,28.77,1.30
12/21/2011,1243.72,157.16,38.11,28.60,1.31
12/22/2011,1254.00,156.04,38.28,28.36,1.30
12/23/2011,1265.33,156.31,38.49,28.28,1.31
12/27/2011,1265.43,154.91,39.06,27.87,1.31
12/28/2011,1249.64,151.03,38.34,26.27,1.31
12/29/2011,1263.02,150.34,38.41,27.07,1.29
12/30/2011,1257.60,151.99,38.11,26.94,1.30
1/3/2012,1277.06,155.92,39.69,28.83,1.29
1/4/2012,1277.30,156.71,39.77,28.39,1.31
1/5/2012,1281.06,157.78,39.17,28.51,1.29
1/6/2012,1277.81,157.20,39.22,27.91,1.28
1/9/2012,1280.70,156.50,39.08,28.13,1.27
1/10/2012,1292.08,158.64,39.34,29.05,1.28
1/11/2012,1292.48,159.67,38.92,29.14,1.28
1/12/2012,1295.50,160.38,38.06,29.31,1.27
1/13/2012,1289.09,159.26,38.16,28.82,1.28
1/17/2012,1293.67,160.50,38.79,29.19,1.27
1/18/2012,1308.04,161.60,38.83,29.65,1.27
1/19/2012,1314.50,161.22,38.69,29.74,1.29
1/20/2012,1315.38,162.07,37.78,31.22,1.30
1/23/2012,1316.00,163.16,38.39,31.39,1.29
1/24/2012,1314.65,162.01,38.10,31.08,1.30
1/25/2012,1326.06,166.42,38.35,32.37,1.30
1/26/2012,1318.43,167.27,38.37,32.43,1.31
1/27/2012,1316.33,168.97,38.30,32.96,1.31
1/30/2012,1313.01,168.03,38.01,32.53,1.32
1/31/2012,1312.41,169.31,37.82,32.28,1.31
2/1/2012,1324.09,169.56,37.38,32.77,1.31
2/2/2012,1325.54,171.05,37.13,33.36,1.32
2/3/2012,1344.90,167.64,37.59,32.69,1.31
2/6/2012,1344.33,167.18,37.33,32.68,1.31
2/7/2012,1347.05,169.70,37.95,33.26,1.31
2/8/2012,1349.96,168.50,38.04,33.04,1.32
2/9/2012,1351.95,168.02,38.33,32.90,1.32
2/10/2012,1342.64,167.14,38.02,32.51,1.33
2/13/2012,1351.77,167.51,38.69,32.75,1.32
2/14/2012,1350.50,167.12,38.84,32.54,1.32
2/15/2012,1343.23,168.11,39.18,32.45,1.31
2/16/2012,1358.04,168.00,39.28,32.57,1.31
2/17/2012,1361.23,167.35,39.75,32.28,1.31
2/21/2012,1362.21,171.02,40.58,33.38,1.32
2/22/2012,1357.66,172.94,40.59,33.44,1.32
2/23/2012,1363.46,173.02,41.37,34.40,1.33
2/24/2012,1365.74,172.23,42.01,34.37,1.34
2/27/2012,1367.59,171.70,41.18,34.36,1.35
2/28/2012,1372.18,173.49,40.79,35.83,1.34
2/29/2012,1365.68,164.29,40.92,33.55,1.35
3/1/2012,1374.09,166.61,41.75,34.44,1.33
3/2/2012,1369.63,166.34,40.77,33.76,1.33
3/5/2012,1364.33,165.65,40.97,33.03,1.32
3/6/2012,1343.36,162.70,40.13,32.01,1.32
3/7/2012,1352.63,163.63,40.61,32.41,1.31
3/8/2012,1365.91,165.28,40.82,32.85,1.31
3/9/2012,1370.87,166.38,41.09,33.22,1.33
3/12/2012,1371.09,165.07,40.70,32.63,1.31
3/13/2012,1395.95,162.30,40.83,32.26,1.32
3/14/2012,1394.28,159.57,40.41,31.27,1.31
3/15/2012,1402.60,161.08,40.28,31.53,1.30
3/16/2012,1404.17,161.30,41.03,31.59,1.31
3/19/2012,1409.75,161.59,41.29,31.98,1.32
3/20/2012,1405.52,160.13,40.43,31.15,1.32
3/21/2012,1402.89,160.21,40.66,31.21,1.32
3/22/2012,1392.78,159.57,40.14,30.54,1.32
3/23/2012,1397.11,161.53,40.69,31.24,1.32
3/26/2012,1416.51,164.40,40.77,31.94,1.34
3/27/2012,1412.52,163.24,40.71,31.59,1.33
3/28/2012,1405.54,161.51,40.19,31.15,1.33
3/29/2012,1403.28,161.28,39.29,31.35,1.33
4/2/2012,1419.04,162.94,40.03,32.05,1.33
4/3/2012,1413.38,159.89,39.66,31.65,1.32
4/4/2012,1398.96,157.21,38.84,30.33,1.31
4/5/2012,1398.08,158.31,39.26,30.72,1.31
4/9/2012,1382.20,159.37,38.97,30.59,1.31
4/10/2012,1358.59,161.10,38.51,30.79,1.31
4/11/2012,1368.71,161.07,39.01,30.65,1.31
4/12/2012,1387.57,162.70,39.44,31.42,1.32
4/16/2012,1369.57,160.46,39.18,30.56,1.31
4/17/2012,1390.78,160.25,39.64,30.80,1.31
4/18/2012,1385.14,159.31,39.05,30.64,1.31
4/19/2012,1376.92,159.43,38.96,30.80,1.31
4/23/2012,1366.94,159.07,39.03,29.97,1.32
4/24/2012,1371.97,159.30,39.17,29.93,1.32
4/25/2012,1390.69,159.62,39.41,29.86,1.32
4/26/2012,1399.98,161.03,39.53,30.18,1.32
4/30/2012,1397.91,161.88,39.68,30.11,1.32
5/1/2012,1405.82,161.32,40.15,30.06,1.32
5/2/2012,1402.31,160.59,39.89,29.78,1.31
5/3/2012,1391.57,158.97,38.83,29.29,1.32
5/7/2012,1369.58,159.08,37.05,29.21,1.31
5/8/2012,1363.72,156.00,36.87,28.65,1.30
5/9/2012,1354.58,154.47,36.52,28.38,1.29
5/10/2012,1357.99,154.77,36.61,28.25,1.29
5/14/2012,1338.35,151.33,35.61,27.42,1.28
5/15/2012,1330.66,149.74,35.28,26.86,1.27
5/16/2012,1324.80,149.46,35.05,26.37,1.27
5/17/2012,1304.86,152.80,35.04,27.24,1.27
5/21/2012,1315.99,154.65,35.15,27.68,1.28
5/22/2012,1316.63,152.08,34.48,27.34,1.27
5/23/2012,1318.86,151.62,34.09,27.05,1.26
5/24/2012,1320.68,151.41,34.26,27.44,1.25
5/29/2012,1332.42,151.02,34.23,27.10,1.25
5/30/2012,1313.32,151.91,33.02,27.12,1.24
5/31/2012,1310.33,151.62,32.61,26.96,1.24
6/4/2012,1278.18,157.32,31.76,27.46,1.25
6/5/2012,1285.50,157.14,31.76,27.72,1.25
6/6/2012,1315.13,157.21,32.15,28.51,1.26
6/7/2012,1314.99,154.50,31.72,27.79,1.26
6/11/2012,1308.93,155.36,30.70,27.79,1.25
6/12/2012,1324.18,156.46,31.42,28.12,1.25
6/13/2012,1314.88,157.12,31.10,28.01,1.26
6/14/2012,1329.10,157.75,31.73,27.82,1.26
6/18/2012,1344.78,157.93,31.32,27.87,1.26
6/19/2012,1357.98,157.16,31.68,27.64,1.27
6/20/2012,1355.69,155.97,30.49,27.26,1.27
6/21/2012,1325.51,152.02,29.46,26.12,1.26
6/25/2012,1313.72,153.76,29.80,26.71,1.25
6/26/2012,1319.99,152.62,29.81,26.30,1.25
6/27/2012,1331.85,152.83,30.20,26.13,1.25
6/28/2012,1329.04,151.05,29.50,25.63,1.24
7/2/2012,1365.51,155.09,31.43,26.73,1.26
7/3/2012,1374.02,157.46,32.94,27.49,1.26
7/5/2012,1367.58,155.68,32.62,26.88,1.24
7/9/2012,1352.46,154.04,32.17,26.54,1.23
7/10/2012,1341.47,152.15,31.52,26.06,1.23
7/11/2012,1341.45,152.99,32.33,26.25,1.22
7/12/2012,1334.76,152.59,32.20,26.35,1.22
7/16/2012,1353.64,154.21,33.12,26.49,1.23
7/17/2012,1363.67,153.47,33.38,26.47,1.23
7/18/2012,1372.78,153.05,33.69,26.42,1.23
7/19/2012,1376.51,153.38,34.64,26.42,1.23
7/23/2012,1350.52,153.03,33.00,26.21,1.21
7/24/2012,1338.31,153.52,33.15,26.22,1.21
7/25/2012,1337.89,155.67,33.21,26.53,1.21
7/26/2012,1360.02,156.77,33.41,26.71,1.23
7/30/2012,1385.30,157.43,33.45,27.36,1.23
7/31/2012,1379.32,156.49,32.68,27.12,1.23
8/1/2012,1375.32,155.14,33.17,26.54,1.22
8/2/2012,1365.00,154.13,32.60,26.31,1.22
8/6/2012,1394.23,156.30,34.42,27.11,1.24
8/7/2012,1401.35,156.28,34.91,27.27,1.24
8/8/2012,1402.22,156.48,34.87,27.21,1.24
8/9/2012,1402.80,156.99,34.93,27.29,1.23
8/13/2012,1404.11,155.99,34.66,26.92,1.23
8/14/2012,1403.93,155.13,34.92,26.96,1.23
8/15/2012,1405.53,155.63,35.19,26.97,1.23
8/16/2012,1415.51,156.56,35.56,27.37,1.24
8/20/2012,1418.13,157.26,35.83,27.95,1.24
8/21/2012,1413.17,158.83,35.98,28.37,1.25
8/22/2012,1413.49,160.54,36.22,28.92,1.25
8/23/2012,1402.08,161.89,35.76,29.60,1.26
8/27/2012,1410.44,161.36,35.61,29.74,1.25
8/28/2012,1409.30,161.64,35.79,29.93,1.26
8/29/2012,1410.49,160.59,35.38,29.75,1.25
8/30/2012,1399.48,160.52,35.26,29.44,1.25
9/4/2012,1404.94,164.48,35.51,31.36,1.25
9/5/2012,1403.44,164.31,35.57,31.27,1.26
9/6/2012,1432.12,164.89,35.23,31.67,1.26
9/10/2012,1429.08,167.29,35.85,32.29,1.28
9/11/2012,1433.56,167.90,36.11,32.41,1.29
9/12/2012,1436.56,167.92,36.04,32.21,1.29
9/13/2012,1459.99,171.31,36.51,33.61,1.30
9/17/2012,1461.19,170.40,35.75,32.99,1.31
9/18/2012,1459.32,171.72,35.57,33.71,1.30
9/19/2012,1461.05,171.74,34.12,33.57,1.31
9/20/2012,1460.26,171.47,34.51,33.58,1.30
9/24/2012,1456.89,171.05,34.09,32.93,1.29
9/25/2012,1441.59,170.77,33.75,32.68,1.29
9/26/2012,1433.32,169.81,33.34,32.87,1.29
9/27/2012,1447.15,172.34,34.15,33.58,1.29
10/1/2012,1444.49,172.29,34.25,33.65,1.29
10/2/2012,1445.75,172.10,34.02,33.50,1.29
10/3/2012,1450.99,172.41,32.61,33.51,1.29
10/4/2012,1461.40,173.61,33.94,33.93,1.30
10/8/2012,1455.88,172.05,33.22,32.97,1.30
10/9/2012,1441.48,170.99,34.18,32.83,1.29
10/10/2012,1432.56,170.84,33.84,32.95,1.29
10/11/2012,1432.84,171.32,34.29,32.90,1.29
10/15/2012,1440.13,168.35,34.00,31.66,1.30
10/16/2012,1454.92,169.42,34.13,31.93,1.31
10/17/2012,1460.91,169.54,34.10,32.12,1.31
10/18/2012,1457.34,168.79,34.07,31.73,1.31
10/22/2012,1433.82,167.58,32.90,31.39,1.31
10/23/2012,1413.11,165.43,31.97,30.68,1.30
10/24/2012,1408.75,164.86,31.63,30.71,1.30
10/25/2012,1412.97,166.02,31.78,31.12,1.29
10/31/2012,1412.16,166.83,31.78,31.27,1.30
11/1/2012,1427.59,166.07,32.06,31.22,1.30
11/2/2012,1414.20,162.60,31.35,29.95,1.29
11/5/2012,1417.26,163.23,31.61,30.17,1.28
11/6/2012,1428.39,166.30,32.56,31.01,1.28
11/7/2012,1394.53,166.49,31.21,30.83,1.28
11/8/2012,1377.51,167.99,31.30,31.38,1.28
11/9/2012,1379.85,167.82,31.73,31.54,1.27
11/12/2012,1380.03,167.45,31.59,31.37,1.27
11/13/2012,1374.53,167.10,31.41,31.40,1.27
11/14/2012,1355.49,167.14,31.77,31.64,1.27
11/15/2012,1353.33,166.09,31.49,31.53,1.27
11/16/2012,1359.88,165.88,31.93,31.21,1.28
11/19/2012,1386.89,167.87,32.67,32.05,1.28
11/20/2012,1387.81,167.39,31.95,32.11,1.28
11/21/2012,1391.03,167.56,32.12,32.29,1.28
11/23/2012,1409.15,169.61,32.32,32.98,1.29
11/26/2012,1406.29,169.43,32.19,33.02,1.30
11/27/2012,1398.94,168.71,31.98,32.93,1.30
11/28/2012,1409.93,166.55,31.79,32.62,1.29
11/29/2012,1415.95,167.18,32.17,33.13,1.30
11/30/2012,1416.18,166.05,32.56,32.36,1.30
12/3/2012,1409.46,166.13,32.60,32.52,1.30
12/5/2012,1409.28,164.12,32.22,31.82,1.31
12/6/2012,1413.94,164.50,31.66,31.93,1.31
12/7/2012,1418.07,165.16,31.53,32.03,1.30
12/10/2012,1418.55,165.80,31.39,32.14,1.29
12/11/2012,1427.84,165.65,31.47,31.91,1.29
12/12/2012,1428.48,165.77,31.78,32.37,1.30
12/13/2012,1419.45,164.37,31.58,31.53,1.31
12/14/2012,1413.58,164.13,31.81,31.17,1.31
12/17/2012,1430.36,164.44,32.01,31.20,1.32
12/18/2012,1446.79,162.08,32.18,30.65,1.32
12/19/2012,1435.81,161.69,32.67,30.11,1.32
12/20/2012,1443.69,159.73,32.73,29.00,1.32
12/21/2012,1430.15,160.33,32.36,29.00,1.32
12/24/2012,1426.66,160.62,32.24,28.94,1.32
12/26/2012,1419.83,160.78,33.15,29.01,1.32
12/27/2012,1418.10,161.16,33.19,29.24,1.32
12/28/2012,1402.43,160.54,33.04,29.10,1.33
12/31/2012,1426.19,162.02,33.37,29.37,1.32
1/2/2013,1462.42,163.17,33.82,29.92,1.32
1/3/2013,1459.37,161.20,33.74,29.18,1.32
1/4/2013,1466.47,160.44,33.88,29.24,1.30
1/7/2013,1461.89,159.43,33.92,29.18,1.31
1/8/2013,1457.15,160.56,33.96,29.38,1.31
1/9/2013,1461.02,160.49,33.88,29.35,1.31
1/10/2013,1472.12,161.98,34.17,29.78,1.31
1/11/2013,1472.05,161.06,34.06,29.48,1.33
1/14/2013,1470.68,161.54,34.28,30.04,1.34
1/15/2013,1472.34,162.56,33.99,30.36,1.34
1/16/2013,1472.63,162.65,34.28,30.45,1.33
1/17/2013,1480.94,163.35,34.67,30.67,1.33
1/18/2013,1485.98,163.09,34.77,30.81,1.34
1/22/2013,1492.56,163.67,35.01,31.12,1.33
1/23/2013,1494.81,163.21,34.61,31.19,1.33
1/24/2013,1494.82,161.42,34.76,30.65,1.33
1/25/2013,1502.96,160.65,34.78,30.21,1.34
1/28/2013,1500.18,160.29,34.94,29.85,1.35
1/29/2013,1507.84,160.99,35.29,30.32,1.34
1/30/2013,1501.96,162.19,35.49,30.92,1.35
1/31/2013,1498.11,161.20,35.28,30.44,1.36
2/1/2013,1513.17,161.45,35.35,30.78,1.36
2/4/2013,1495.71,162.00,34.78,30.69,1.36
2/5/2013,1511.29,161.96,35.03,30.76,1.35
2/6/2013,1512.12,162.39,35.04,30.81,1.36
2/7/2013,1509.39,161.84,34.68,30.46,1.35
2/8/2013,1517.93,161.57,34.70,30.43,1.34
2/11/2013,1517.01,159.70,35.12,30.00,1.34
2/12/2013,1519.43,159.89,35.28,30.09,1.34
2/13/2013,1520.33,159.05,35.19,29.77,1.35
2/14/2013,1521.38,158.35,35.27,29.46,1.34
2/15/2013,1519.79,155.76,34.72,28.83,1.34
2/19/2013,1530.94,155.33,34.96,28.45,1.33
2/20/2013,1511.95,151.44,34.17,27.59,1.34
2/21/2013,1502.42,152.62,33.43,27.73,1.33
2/22/2013,1515.60,152.97,33.60,27.83,1.32
2/25/2013,1487.85,154.34,33.21,28.07,1.32
2/26/2013,1496.94,156.22,33.33,28.41,1.31
2/27/2013,1515.99,154.57,33.40,28.01,1.31
2/28/2013,1514.68,153.00,33.06,27.54,1.32
3/1/2013,1518.20,152.44,32.74,27.62,1.31
3/4/2013,1525.20,152.30,32.40,27.60,1.30
3/5/2013,1539.79,152.38,32.69,27.75,1.30
3/6/2013,1541.46,153.23,32.54,28.10,1.30
3/7/2013,1544.26,152.69,32.94,27.91,1.30
3/8/2013,1551.18,152.71,33.05,28.01,1.31
3/11/2013,1556.22,152.99,33.04,28.02,1.30
3/12/2013,1552.48,154.19,33.26,28.20,1.30
3/13/2013,1554.52,153.66,33.19,27.94,1.30
3/14/2013,1563.23,153.68,33.42,27.80,1.30
3/15/2013,1560.70,154.00,33.60,27.80,1.30
3/18/2013,1552.10,155.38,33.65,27.95,1.29
3/19/2013,1548.34,156.08,33.07,27.93,1.29
3/20/2013,1558.71,155.37,33.45,27.81,1.29
3/21/2013,1545.80,156.25,33.05,28.18,1.29
3/22/2013,1556.89,155.55,33.61,27.75,1.29
3/25/2013,1551.69,155.24,33.85,27.84,1.30
3/26/2013,1563.77,154.72,34.45,27.75,1.29
3/27/2013,1562.85,155.36,34.55,27.73,1.29
3/28/2013,1569.19,154.45,34.75,27.42,1.28
4/1/2013,1562.17,154.67,34.68,27.09,1.29
4/2/2013,1570.25,152.43,34.65,26.35,1.28
4/3/2013,1553.69,150.73,33.76,26.09,1.29
4/4/2013,1559.98,150.29,33.39,25.99,1.29
4/8/2013,1563.07,152.16,33.49,26.32,1.30
4/9/2013,1568.61,153.34,33.64,27.03,1.31
4/10/2013,1587.73,150.75,33.83,26.68,1.31
4/11/2013,1593.37,151.05,33.46,26.70,1.31
4/15/2013,1552.36,131.31,31.49,22.09,1.31
4/16/2013,1574.57,132.80,31.76,22.67,1.32
4/17/2013,1552.01,132.87,31.01,22.44,1.30
4/18/2013,1541.61,134.30,31.64,22.40,1.31
4/22/2013,1562.50,137.90,31.82,22.62,1.31
4/23/2013,1578.78,136.88,31.86,22.18,1.30
4/24/2013,1578.79,138.37,32.66,22.42,1.30
4/25/2013,1585.16,141.63,33.25,23.49,1.30
4/29/2013,1593.61,142.30,33.61,23.54,1.31
4/30/2013,1597.57,142.77,33.16,23.46,1.32
5/1/2013,1582.70,141.11,32.39,22.86,1.32
5/2/2013,1597.59,141.92,33.49,23.02,1.31
5/6/2013,1617.50,142.15,34.14,23.18,1.31
5/7/2013,1625.96,140.38,34.01,23.10,1.31
5/8/2013,1632.69,142.46,34.40,23.12,1.32
5/9/2013,1626.67,140.81,34.17,22.89,1.30
5/13/2013,1633.77,138.43,33.86,22.83,1.30
5/14/2013,1650.34,137.81,33.56,22.57,1.29
5/15/2013,1658.78,134.63,33.61,21.76,1.29
5/16/2013,1650.47,134.09,33.87,21.95,1.29
5/20/2013,1666.29,135.12,34.44,22.28,1.29
5/21/2013,1669.16,132.88,34.11,21.62,1.29
5/22/2013,1655.35,131.94,33.46,21.51,1.28
5/23/2013,1650.51,134.61,33.54,21.88,1.29
5/28/2013,1660.06,133.49,33.79,21.53,1.28
5/29/2013,1648.36,134.83,33.10,21.71,1.29
5/30/2013,1654.41,136.70,33.25,21.98,1.30
6/3/2013,1640.42,136.51,33.16,21.98,1.31
6/4/2013,1631.38,135.23,33.20,21.77,1.31
6/5/2013,1608.90,135.52,33.26,21.78,1.31
6/6/2013,1622.56,136.53,33.62,21.93,1.32
6/10/2013,1642.81,133.94,34.00,21.16,1.32
6/11/2013,1626.13,133.25,33.79,20.91,1.32
6/12/2013,1612.52,134.25,34.03,21.02,1.33
6/13/2013,1636.36,133.74,34.33,21.04,1.34
6/17/2013,1639.04,133.77,34.76,21.10,1.34
6/18/2013,1651.81,132.13,34.96,20.88,1.34
6/19/2013,1628.93,130.59,34.78,20.60,1.33
6/20/2013,1588.19,123.60,33.63,18.97,1.32
6/24/2013,1573.09,123.93,33.64,18.97,1.31
6/25/2013,1588.03,123.47,33.74,18.91,1.31
6/26/2013,1603.26,118.28,33.80,17.89,1.30
6/27/2013,1613.20,115.94,34.33,17.89,1.30
7/1/2013,1614.96,121.13,34.67,18.93,1.31
7/2/2013,1614.08,120.05,35.21,18.68,1.30
7/3/2013,1615.41,120.74,35.84,19.02,1.30
7/8/2013,1640.46,119.51,36.41,18.42,1.29
7/9/2013,1652.32,120.62,36.77,18.57,1.28
7/10/2013,1652.62,120.95,37.43,18.48,1.32
7/11/2013,1675.02,124.24,37.01,19.49,1.31
7/15/2013,1682.50,124.18,37.67,19.28,1.31
7/16/2013,1676.26,124.89,37.48,19.33,1.32
7/17/2013,1680.91,123.32,37.80,18.66,1.31
7/18/2013,1689.37,124.01,38.34,18.72,1.31
7/22/2013,1695.53,128.84,37.92,19.77,1.32
7/23/2013,1692.39,129.71,38.09,19.77,1.32
7/24/2013,1685.94,127.48,37.40,19.47,1.32
7/25/2013,1690.25,128.67,37.58,19.50,1.33
7/29/2013,1685.33,128.47,37.13,19.14,1.33
7/30/2013,1685.96,128.12,36.67,19.03,1.33
7/31/2013,1685.73,127.96,37.36,19.14,1.33
8/1/2013,1706.87,126.61,38.27,18.97,1.32
8/5/2013,1707.14,125.70,37.83,19.01,1.33
8/6/2013,1697.37,123.97,37.46,18.83,1.33
8/7/2013,1690.91,124.15,37.01,18.83,1.33
8/8/2013,1697.48,126.86,36.84,19.60,1.34
8/12/2013,1689.47,129.13,37.76,20.62,1.33
8/13/2013,1694.16,127.74,37.90,20.71,1.33
8/14/2013,1685.39,129.00,38.09,21.09,1.33
8/15/2013,1661.32,131.69,38.24,22.15,1.34
8/19/2013,1646.06,132.01,38.17,22.34,1.33
8/20/2013,1652.35,132.45,37.52,22.19,1.34
8/21/2013,1642.80,132.07,37.17,22.14,1.33
8/22/2013,1656.96,132.81,37.54,22.27,1.34
8/26/2013,1656.78,135.45,37.96,23.46,1.34
8/27/2013,1630.48,136.75,38.87,23.59,1.34
8/28/2013,1634.96,136.71,39.08,23.43,1.33
8/29/2013,1638.17,135.87,38.58,23.00,1.32
9/3/2013,1639.77,136.42,38.76,23.39,1.32
9/4/2013,1653.08,134.66,38.34,22.69,1.32
9/5/2013,1655.08,132.20,38.69,22.38,1.31
9/9/2013,1671.71,133.91,38.94,22.84,1.33
9/10/2013,1683.99,131.74,38.34,22.13,1.33
9/11/2013,1689.13,131.70,38.48,22.29,1.33
9/12/2013,1683.42,127.67,38.87,21.06,1.33
9/16/2013,1697.60,126.45,38.11,20.94,1.33
9/17/2013,1704.76,126.50,37.74,20.96,1.34
9/18/2013,1725.52,132.01,38.68,22.31,1.35
9/19/2013,1722.34,131.75,38.08,22.20,1.35
9/23/2013,1701.84,127.55,37.27,20.78,1.35
9/24/2013,1697.42,127.66,37.22,20.89,1.35
9/25/2013,1692.77,128.79,36.88,20.98,1.35
9/26/2013,1698.67,127.79,37.08,20.92,1.35
9/30/2013,1681.55,128.18,36.85,20.90,1.35
10/1/2013,1695.00,124.59,36.68,20.41,1.35
10/2/2013,1693.87,127.06,37.42,20.92,1.36
10/3/2013,1678.66,127.18,37.14,20.92,1.36
10/8/2013,1655.45,127.40,37.31,21.49,1.36
10/9/2013,1656.40,126.11,36.55,21.05,1.35
10/10/2013,1692.56,124.27,37.10,20.83,1.35
10/14/2013,1710.14,122.83,36.87,20.50,1.36
10/15/2013,1698.06,123.73,36.47,20.56,1.35
10/16/2013,1721.54,123.54,36.92,20.50,1.35
10/17/2013,1733.15,127.42,36.38,21.05,1.37
10/21/2013,1744.66,126.98,35.94,21.41,1.37
10/22/2013,1754.67,129.34,35.41,21.87,1.38
10/23/2013,1746.38,128.69,34.95,21.75,1.38
10/24/2013,1752.07,129.90,34.99,21.87,1.38
10/28/2013,1762.11,130.56,35.55,21.68,1.38
10/29/2013,1771.95,129.77,35.41,21.69,1.38
10/30/2013,1763.31,129.60,34.85,21.88,1.37
10/31/2013,1756.54,127.74,34.69,21.10,1.37
11/1/2013,1761.64,126.95,34.13,21.08,1.36
11/4/2013,1767.93,126.81,34.04,20.85,1.35
11/5/2013,1762.97,126.56,33.67,20.90,1.35
11/6/2013,1770.49,127.20,34.19,21.00,1.35
11/7/2013,1747.15,126.16,33.97,20.83,1.35
11/8/2013,1770.61,124.28,34.01,20.69,1.34
11/11/2013,1771.89,123.87,34.26,20.60,1.33
11/12/2013,1767.69,122.45,33.64,20.00,1.34
11/13/2013,1782.00,122.85,33.90,19.78,1.34
11/14/2013,1790.62,124.27,33.93,20.05,1.35
11/15/2013,1798.18,124.32,33.88,20.00,1.34
11/18/2013,1791.53,122.90,33.62,19.67,1.35
11/19/2013,1787.87,122.95,33.72,19.61,1.35
11/20/2013,1781.37,120.12,33.63,19.14,1.36
11/21/2013,1795.85,119.94,34.17,19.24,1.34
11/22/2013,1804.76,119.92,34.04,19.13,1.35
11/25/2013,1802.48,120.46,33.82,19.27,1.36
11/26/2013,1802.75,119.82,33.69,19.13,1.35
11/27/2013,1807.23,119.46,33.19,18.96,1.36
11/29/2013,1805.81,120.70,33.46,19.24,1.36
12/2/2013,1800.90,117.58,33.68,18.46,1.36
12/3/2013,1795.15,117.96,34.51,18.42,1.35
12/4/2013,1792.81,119.96,34.88,19.00,1.36
12/5/2013,1785.03,118.30,34.93,18.69,1.36
12/6/2013,1805.09,118.55,35.05,18.76,1.37
12/9/2013,1808.37,119.72,34.91,19.12,1.37
12/10/2013,1802.62,121.82,35.31,19.66,1.37
12/11/2013,1782.22,120.86,34.98,19.55,1.38
12/12/2013,1775.50,118.29,34.97,18.81,1.38
12/13/2013,1775.32,119.38,34.64,18.95,1.38
12/16/2013,1786.54,119.69,34.94,19.22,1.37
12/17/2013,1781.00,118.65,34.87,19.14,1.38
12/18/2013,1810.65,117.61,35.03,19.09,1.38
12/19/2013,1809.60,114.82,35.32,18.49,1.37
12/20/2013,1818.32,115.94,35.48,18.62,1.37
12/23/2013,1827.99,115.57,35.36,18.72,1.37
12/24/2013,1833.32,116.10,35.49,18.76,1.37
12/26/2013,1842.02,116.74,35.65,19.02,1.37
12/27/2013,1841.40,117.12,35.84,19.27,1.37
12/30/2013,1841.07,115.39,35.53,18.85,1.38
12/31/2013,1848.36,116.12,35.32,18.71,1.38
1/2/2014,1831.98,118.00,34.23,19.23,1.38
1/3/2014,1831.37,119.29,33.75,19.42,1.37
1/6/2014,1826.77,119.50,33.57,19.42,1.36
1/7/2014,1837.88,118.82,33.58,19.13,1.36
1/8/2014,1837.49,118.12,33.16,18.83,1.36
1/9/2014,1838.13,118.46,33.08,18.84,1.36
1/10/2014,1842.37,120.26,33.19,19.38,1.36
1/13/2014,1819.20,121.02,32.81,19.68,1.37
1/14/2014,1838.88,119.89,33.04,19.42,1.37
1/15/2014,1848.38,119.66,33.77,19.40,1.37
1/16/2014,1845.89,119.79,33.65,19.35,1.36
1/17/2014,1838.70,120.93,33.69,19.51,1.36
1/21/2014,1843.80,119.70,33.99,19.17,1.35
1/22/2014,1844.86,119.19,34.56,19.03,1.36
1/23/2014,1828.46,121.79,34.72,19.26,1.35
1/24/2014,1790.29,122.29,34.58,19.16,1.37
1/27/2014,1781.56,120.96,34.23,18.89,1.37
1/28/2014,1792.50,120.95,34.69,18.85,1.37
1/29/2014,1774.20,122.47,34.73,19.02,1.37
1/30/2014,1794.19,119.77,34.95,18.49,1.37
1/31/2014,1782.59,120.09,34.80,18.45,1.36
2/3/2014,1741.89,121.32,34.52,18.61,1.35
2/4/2014,1755.20,120.99,34.74,18.75,1.35
2/5/2014,1751.64,121.29,34.71,19.07,1.35
2/6/2014,1773.43,121.24,34.90,19.17,1.35
2/7/2014,1797.02,122.17,35.64,19.27,1.36
2/10/2014,1799.84,122.92,35.63,19.29,1.36
2/11/2014,1819.75,124.36,35.64,19.45,1.36
2/12/2014,1819.26,124.43,35.80,19.43,1.36
2/13/2014,1829.83,125.49,35.87,19.74,1.36
2/14/2014,1838.63,127.15,35.91,20.65,1.37
2/18/2014,1840.76,127.40,36.66,21.13,1.37
2/19/2014,1828.75,126.27,36.90,20.63,1.38
2/20/2014,1839.78,127.60,36.88,21.00,1.37
2/21/2014,1836.25,127.58,36.69,20.97,1.37
2/24/2014,1847.61,128.99,36.79,21.18,1.37
2/25/2014,1845.12,129.21,36.59,21.02,1.37
2/26/2014,1845.16,128.11,36.75,20.42,1.37
2/27/2014,1854.29,128.20,36.69,20.46,1.37
2/28/2014,1859.45,127.62,36.74,20.35,1.37
3/3/2014,1845.73,130.29,37.52,20.62,1.38
3/4/2014,1873.91,128.68,37.06,20.37,1.37
3/5/2014,1873.81,128.89,36.24,20.36,1.37
3/6/2014,1877.03,130.17,36.57,20.66,1.37
3/7/2014,1878.04,129.09,36.78,20.08,1.39
3/10/2014,1877.17,129.13,36.30,20.01,1.39
3/11/2014,1867.63,129.86,35.81,20.04,1.39
3/12/2014,1868.20,131.76,35.35,20.47,1.39
3/13/2014,1846.34,132.21,35.34,20.36,1.39
3/14/2014,1841.13,133.10,35.53,20.62,1.39
3/17/2014,1858.83,131.64,35.15,20.33,1.39
3/18/2014,1872.25,130.62,35.58,20.01,1.39
3/19/2014,1860.77,128.09,35.71,19.79,1.39
3/20/2014,1872.01,127.86,35.58,19.52,1.38
3/21/2014,1866.52,128.47,35.84,19.52,1.38
3/24/2014,1857.44,126.18,35.82,19.21,1.38
3/25/2014,1865.62,126.41,35.77,19.22,1.38
3/26/2014,1852.56,125.41,36.09,19.02,1.38
3/27/2014,1849.04,124.59,36.50,19.00,1.38
3/28/2014,1857.62,124.56,36.62,19.06,1.37
3/31/2014,1872.34,123.61,36.59,19.04,1.38
4/1/2014,1885.52,123.39,35.83,19.06,1.38
4/2/2014,1890.90,124.32,35.80,19.19,1.38
4/3/2014,1888.77,123.92,36.14,19.06,1.37
4/7/2014,1845.04,124.91,36.28,19.13,1.37
4/8/2014,1851.96,126.09,36.90,19.23,1.38
4/9/2014,1872.18,126.32,37.22,19.11,1.39
4/10/2014,1833.08,127.01,37.20,19.27,1.39
4/14/2014,1830.61,127.85,37.38,19.21,1.38
4/15/2014,1842.98,125.49,37.39,18.88,1.38
4/16/2014,1862.31,125.54,37.48,18.88,1.38
4/17/2014,1864.85,124.75,37.66,18.88,1.38
4/21/2014,1871.89,124.24,37.64,18.67,1.38
4/22/2014,1879.55,123.78,37.00,18.71,1.38
4/23/2014,1875.39,123.76,36.91,18.69,1.38
4/24/2014,1878.61,124.56,37.05,18.92,1.38
4/28/2014,1869.43,124.88,36.71,18.85,1.39
4/29/2014,1878.33,124.86,36.72,18.76,1.38
4/30/2014,1883.95,124.22,36.32,18.46,1.39
5/1/2014,1883.68,123.80,36.16,18.35,1.39
5/5/2014,1884.66,126.22,36.14,18.84,1.39
5/6/2014,1867.72,125.98,36.19,18.80,1.39
5/7/2014,1878.21,124.17,36.60,18.57,1.39
5/8/2014,1875.63,124.17,36.49,18.44,1.38
5/12/2014,1896.65,124.94,36.59,18.78,1.38
5/13/2014,1897.45,124.60,37.04,18.77,1.37
5/14/2014,1888.53,125.81,37.18,19.00,1.37
5/15/2014,1870.85,124.77,37.04,18.74,1.37
5/19/2014,1885.08,124.58,37.38,18.63,1.37
5/20/2014,1872.83,124.69,37.52,18.65,1.37
5/21/2014,1888.03,124.39,37.98,18.64,1.37
5/22/2014,1892.49,124.67,38.01,18.73,1.37
5/27/2014,1911.91,121.85,38.14,18.36,1.36
5/28/2014,1909.78,121.20,37.68,18.28,1.36
5/29/2014,1920.03,120.94,37.91,18.30,1.36
6/2/2014,1924.97,119.70,37.53,18.02,1.36
6/3/2014,1924.24,120.01,37.64,18.10,1.36
6/4/2014,1927.88,119.76,37.51,18.06,1.36
6/5/2014,1940.46,120.66,37.55,18.26,1.37
6/9/2014,1951.27,120.65,38.18,18.32,1.36
6/10/2014,1950.79,121.39,38.28,18.46,1.35
6/11/2014,1943.89,121.41,38.25,18.46,1.35
6/12/2014,1930.11,122.64,39.08,18.76,1.36
6/16/2014,1937.78,122.42,39.17,18.85,1.36
6/17/2014,1941.99,122.28,38.99,18.94,1.35
6/18/2014,1956.98,122.67,39.01,19.05,1.36
6/19/2014,1959.48,126.94,39.13,19.92,1.36
6/23/2014,1962.61,126.85,39.16,20.05,1.36
6/24/2014,1949.98,126.98,39.09,20.08,1.36
6/25/2014,1959.53,126.99,39.29,20.19,1.36
6/26/2014,1957.22,126.73,38.97,20.24,1.36
6/30/2014,1960.23,128.04,38.88,20.25,1.37
7/1/2014,1973.32,127.70,38.86,20.21,1.37
7/2/2014,1974.62,127.70,38.40,20.30,1.37
7/3/2014,1985.44,127.16,38.25,20.29,1.36
7/7/2014,1977.65,127.02,38.17,20.17,1.36
7/8/2014,1963.71,127.07,38.18,20.21,1.36
7/9/2014,1972.83,127.84,37.69,20.27,1.36
7/10/2014,1964.68,128.54,37.90,20.52,1.36
7/14/2014,1977.10,125.72,37.32,20.10,1.36
7/15/2014,1973.28,124.53,36.88,19.88,1.36
7/16/2014,1981.57,124.97,37.31,19.91,1.35
7/17/2014,1958.12,127.09,37.83,20.29,1.35
7/21/2014,1973.63,126.34,38.10,20.10,1.35
7/22/2014,1983.53,125.74,37.95,20.10,1.35
7/23/2014,1987.01,125.62,38.16,20.08,1.35
7/24/2014,1987.98,124.35,37.82,19.58,1.35
7/28/2014,1978.91,125.58,37.64,19.81,1.34
7/29/2014,1969.95,125.20,37.39,19.78,1.34
7/30/2014,1970.07,124.83,36.92,19.78,1.34
7/31/2014,1930.67,123.39,36.32,19.58,1.34
8/4/2014,1938.99,123.99,36.48,19.40,1.34
8/5/2014,1920.21,123.87,36.16,19.05,1.34
8/6/2014,1920.24,125.67,35.95,19.23,1.34
8/7/2014,1909.57,126.18,36.16,19.17,1.34
8/11/2014,1936.92,125.96,36.22,19.23,1.34
8/12/2014,1933.75,125.99,35.99,19.17,1.34
8/13/2014,1946.72,126.20,36.02,19.04,1.34
8/14/2014,1955.18,126.31,35.11,19.10,1.34
8/18/2014,1971.74,124.96,35.06,18.87,1.34
8/19/2014,1981.60,124.68,34.71,18.70,1.33
8/20/2014,1986.51,124.22,34.86,18.72,1.33
8/21/2014,1992.37,122.88,35.09,18.69,1.33
8/25/2014,1997.92,122.74,34.87,18.60,1.32
8/26/2014,2000.02,123.35,35.04,18.63,1.32
8/27/2014,2000.12,123.32,35.03,18.66,1.32
8/28/2014,1996.74,124.00,35.32,18.74,1.32
9/2/2014,2002.28,121.65,34.79,18.41,1.31
9/3/2014,2000.72,122.15,35.55,18.43,1.32
9/4/2014,1997.65,121.48,35.30,18.32,1.29
9/8/2014,2001.54,120.73,34.70,18.26,1.29
9/9/2014,1988.44,120.87,34.62,18.31,1.29
9/10/2014,1995.69,120.26,34.26,18.24,1.29
9/11/2014,1997.45,119.47,34.69,17.96,1.29
9/15/2014,1984.13,118.64,34.56,17.92,1.29
9/16/2014,1998.98,118.83,35.25,17.95,1.30
9/17/2014,2001.57,117.54,35.01,17.77,1.29
9/18/2014,2011.36,117.78,34.62,17.77,1.29
9/22/2014,1994.29,116.85,34.19,17.08,1.29
9/23/2014,1982.77,117.60,34.44,17.07,1.29
9/24/2014,1998.30,117.05,35.00,16.99,1.28
9/25/2014,1965.99,117.39,34.83,16.83,1.28
9/29/2014,1977.80,117.03,35.52,16.78,1.27
9/30/2014,1972.29,116.21,34.41,16.35,1.26
10/1/2014,1946.16,116.77,34.15,16.48,1.26
10/2/2014,1946.17,116.74,34.37,16.41,1.27
10/6/2014,1964.82,116.03,34.04,16.60,1.26
10/7/2014,1935.10,116.36,33.44,16.48,1.27
10/8/2014,1968.89,117.47,33.00,16.68,1.27
10/9/2014,1928.21,117.64,32.11,16.62,1.27
10/13/2014,1874.74,118.52,31.99,16.73,1.27
10/14/2014,1877.70,118.59,30.85,16.68,1.26
10/15/2014,1862.49,118.99,30.67,16.71,1.28
10/16/2014,1862.76,119.22,31.10,16.67,1.28
10/20/2014,1904.01,119.80,31.14,16.73,1.28
10/21/2014,1941.28,120.02,31.30,16.81,1.27
10/22/2014,1927.11,119.34,30.55,16.46,1.26
10/23/2014,1950.82,118.52,31.06,16.50,1.27
10/27/2014,1961.63,118.06,30.64,16.42,1.27
10/28/2014,1985.05,118.10,30.82,16.49,1.27
10/29/2014,1982.30,116.41,31.23,16.38,1.27
10/30/2014,1994.65,115.19,30.76,15.82,1.26
10/31/2014,2018.05,112.66,30.63,15.50,1.26
11/3/2014,2017.81,112.15,29.76,15.48,1.25
11/4/2014,2012.10,112.22,29.30,15.36,1.25
11/5/2014,2023.57,109.79,29.95,14.66,1.26
11/6/2014,2031.21,109.88,29.60,14.82,1.25
11/7/2014,2031.92,112.97,29.76,15.10,1.24
11/10/2014,2038.26,110.46,29.34,14.92,1.25
11/11/2014,2039.68,112.04,29.42,15.11,1.24
11/12/2014,2038.25,111.50,29.14,15.03,1.25
11/13/2014,2039.33,111.67,28.29,14.97,1.24
11/14/2014,2039.82,114.47,28.83,15.63,1.25
11/17/2014,2041.32,114.05,28.68,15.50,1.25
11/18/2014,2051.80,115.05,28.20,15.55,1.24
11/19/2014,2048.72,113.68,28.25,15.48,1.25
11/20/2014,2052.75,114.86,28.73,15.60,1.25
11/21/2014,2063.50,115.39,29.10,15.79,1.25
11/24/2014,2069.41,115.11,28.74,15.78,1.24
11/25/2014,2067.03,115.38,28.03,15.98,1.24
11/26/2014,2072.83,115.16,27.90,15.87,1.25
11/28/2014,2067.56,112.11,25.58,14.83,1.25
12/1/2014,2053.44,116.58,26.32,15.78,1.24
12/2/2014,2066.55,115.14,25.58,15.75,1.25
12/3/2014,2074.33,116.33,25.58,15.73,1.24
12/4/2014,2071.92,115.88,25.34,15.77,1.23
12/5/2014,2075.37,114.43,24.96,15.61,1.24
12/8/2014,2060.31,115.78,23.91,15.71,1.23
12/9/2014,2059.82,118.19,24.20,16.32,1.23
12/10/2014,2026.14,117.96,23.28,16.37,1.24
12/11/2014,2035.33,117.69,22.68,16.33,1.25
12/12/2014,2002.33,117.41,21.93,16.30,1.24
12/15/2014,1989.63,114.39,21.06,15.47,1.25
12/16/2014,1972.74,114.95,21.30,15.08,1.24
12/17/2014,2012.89,114.27,21.34,15.10,1.25
12/18/2014,2061.23,115.15,20.74,15.25,1.23
12/19/2014,2070.65,114.77,21.96,15.39,1.23
12/22/2014,2078.54,112.55,20.92,14.99,1.22
12/23/2014,2082.17,112.74,21.56,15.04,1.22
12/24/2014,2081.88,112.77,21.05,15.09,1.22
12/26/2014,2088.77,114.83,20.78,15.35,1.22
12/29/2014,2090.57,113.67,20.30,15.11,1.22
12/30/2014,2080.35,115.20,20.29,15.58,1.22
12/31/2014,2058.90,113.58,20.36,15.06,1.22
1/2/2015,2058.20,114.08,19.89,15.11,1.21
1/5/2015,2020.58,115.80,18.79,15.50,1.19
1/6/2015,2002.61,117.12,18.05,15.83,1.19
1/7/2015,2025.90,116.43,18.37,15.85,1.19
1/8/2015,2062.14,115.94,18.55,15.64,1.18
1/9/2015,2044.81,117.26,18.28,15.77,1.18
1/12/2015,2028.26,118.56,17.41,15.87,1.19
1/13/2015,2023.03,118.16,17.62,16.29,1.18
1/14/2015,2011.27,117.97,18.27,16.13,1.18
1/15/2015,1992.67,120.94,17.45,16.15,1.18
1/16/2015,2019.42,122.52,18.33,16.95,1.16
1/20/2015,2022.55,124.20,17.48,17.18,1.16
1/21/2015,2032.12,124.23,17.77,17.37,1.15
1/22/2015,2063.15,125.23,17.41,17.61,1.16
1/23/2015,2051.82,124.23,17.00,17.51,1.13
1/26/2015,2057.09,122.99,16.87,17.13,1.11
1/27/2015,2029.55,124.40,17.21,17.33,1.12
1/28/2015,2002.16,123.42,16.56,17.23,1.14
1/29/2015,2021.25,120.76,16.68,16.24,1.13
1/30/2015,1994.99,123.45,17.82,16.54,1.13
2/2/2015,2020.85,122.42,18.62,16.47,1.13
2/3/2015,2050.03,121.05,19.62,16.55,1.13
2/4/2015,2041.51,121.58,18.28,16.63,1.15
2/5/2015,2062.52,121.79,19.03,16.58,1.13
2/6/2015,2055.47,118.64,19.47,16.03,1.15
2/9/2015,2046.74,119.17,19.77,16.32,1.13
2/10/2015,2068.59,118.47,18.94,16.19,1.13
2/11/2015,2068.53,117.07,18.51,16.08,1.13
2/12/2015,2088.48,117.34,19.18,16.15,1.13
2/13/2015,2096.99,117.98,19.62,16.54,1.14
2/17/2015,2100.34,116.01,19.79,15.83,1.13
2/18/2015,2099.68,116.34,19.26,15.75,1.14
2/19/2015,2097.45,115.94,19.10,15.70,1.14
2/20/2015,2110.30,115.28,18.65,15.54,1.14
2/23/2015,2109.66,115.43,18.11,15.63,1.14
2/24/2015,2115.48,115.26,18.04,15.56,1.13
2/25/2015,2113.86,115.70,18.65,15.83,1.13
2/26/2015,2110.74,116.07,18.03,15.84,1.14
2/27/2015,2104.50,116.16,18.10,15.87,1.12
3/2/2015,2117.39,115.68,18.32,15.66,1.12
3/3/2015,2107.78,115.47,18.49,15.58,1.12
3/4/2015,2098.53,115.11,19.01,15.49,1.12
3/5/2015,2101.04,115.00,18.71,15.53,1.11
3/6/2015,2071.26,111.86,18.24,15.19,1.10
3/9/2015,2079.43,111.97,18.35,15.10,1.08
3/10/2015,2044.16,111.42,17.91,15.02,1.08
3/11/2015,2040.24,110.75,17.77,14.84,1.07
3/12/2015,2065.95,110.72,17.44,14.92,1.05
3/13/2015,2053.40,110.88,16.80,14.90,1.06
3/16/2015,2081.19,110.81,16.35,14.99,1.05
3/17/2015,2074.28,110.21,15.96,14.90,1.06
3/18/2015,2099.50,112.37,16.76,15.36,1.06
3/19/2015,2089.27,112.29,16.08,15.44,1.08
3/20/2015,2108.10,113.57,16.43,16.00,1.07
3/23/2015,2104.42,114.29,16.78,16.30,1.08
3/24/2015,2091.50,114.57,16.79,16.28,1.09
3/25/2015,2061.05,114.73,17.36,16.24,1.09
3/26/2015,2056.15,115.48,18.21,16.30,1.10
3/27/2015,2061.02,115.06,17.14,16.22,1.09
3/30/2015,2086.24,113.75,17.23,15.98,1.08
3/31/2015,2067.89,113.66,16.84,15.93,1.07
4/1/2015,2059.69,115.60,17.58,16.23,1.08
4/2/2015,2066.96,115.28,17.56,16.02,1.09
4/6/2015,2080.62,116.69,18.43,16.27,1.09
4/7/2015,2076.33,116.11,19.06,16.15,1.08
4/8/2015,2081.90,115.47,18.07,15.81,1.08
4/9/2015,2091.18,114.67,18.03,15.51,1.07
4/13/2015,2092.43,115.14,18.50,15.60,1.06
4/14/2015,2095.84,114.44,18.82,15.51,1.06
4/15/2015,2106.63,115.43,19.71,15.63,1.07
4/16/2015,2104.99,115.03,19.94,15.57,1.08
4/20/2015,2100.40,114.72,19.89,15.29,1.07
4/21/2015,2097.29,115.38,19.45,15.32,1.07
4/22/2015,2107.96,113.83,19.36,15.11,1.07
4/23/2015,2112.93,114.66,19.76,15.21,1.08
4/27/2015,2108.92,115.33,19.52,15.66,1.09
4/28/2015,2114.76,116.33,19.60,15.87,1.10
4/29/2015,2106.85,115.51,20.12,15.81,1.11
4/30/2015,2085.51,113.47,20.51,15.43,1.12
5/4/2015,2114.49,114.10,20.28,15.70,1.11
5/5/2015,2089.46,114.42,20.76,15.81,1.12
5/6/2015,2080.15,114.36,20.82,15.77,1.13
5/7/2015,2088.00,113.42,20.20,15.60,1.12
5/11/2015,2105.33,113.53,20.38,15.57,1.11
5/12/2015,2099.12,114.50,20.74,15.81,1.12
5/13/2015,2098.48,116.55,20.61,16.35,1.14
5/14/2015,2121.10,117.18,20.53,16.65,1.14
5/18/2015,2129.20,117.52,20.44,16.89,1.13
5/19/2015,2127.83,115.89,19.63,16.38,1.11
5/20/2015,2125.85,116.08,19.84,16.37,1.11
5/21/2015,2130.82,115.69,20.50,16.39,1.11
5/26/2015,2104.20,113.91,19.69,16.02,1.09
5/27/2015,2123.48,113.89,19.48,15.96,1.09
5/28/2015,2120.79,114.02,19.56,15.97,1.10
6/1/2015,2111.73,114.00,20.36,16.00,1.09
6/2/2015,2109.60,114.46,20.68,16.07,1.12
6/3/2015,2114.07,113.64,20.17,15.83,1.13
6/4/2015,2095.84,112.84,19.66,15.48,1.12
6/8/2015,2079.28,112.57,19.71,15.32,1.13
6/9/2015,2080.15,112.82,20.21,15.29,1.13
6/10/2015,2105.20,113.78,20.64,15.32,1.13
6/11/2015,2108.86,113.26,20.49,15.33,1.12
6/15/2015,2084.43,113.73,20.15,15.40,1.13
6/16/2015,2096.29,113.32,20.26,15.32,1.12
6/17/2015,2100.44,113.85,20.21,15.45,1.14
6/18/2015,2121.24,115.32,20.36,15.46,1.14
6/22/2015,2122.85,113.64,20.16,15.49,1.13
6/23/2015,2124.20,112.89,20.47,15.14,1.12
6/24/2015,2108.58,112.59,20.20,15.19,1.12
6/25/2015,2102.31,112.44,19.98,15.17,1.12
6/29/2015,2057.64,113.07,19.51,15.03,1.12
6/30/2015,2063.11,112.37,19.88,15.03,1.11
7/1/2015,2077.42,111.98,19.10,14.90,1.10
7/2/2015,2076.78,111.76,18.93,14.95,1.11
7/6/2015,2068.76,112.06,17.73,14.99,1.10
7/7/2015,2081.34,110.76,17.76,14.43,1.10
7/8/2015,2046.68,111.09,17.38,14.46,1.11
7/9/2015,2051.31,111.36,17.71,14.76,1.11
7/13/2015,2099.60,110.99,17.51,14.81,1.10
7/14/2015,2108.95,110.74,17.72,14.70,1.10
7/15/2015,2107.40,110.16,17.23,14.43,1.09
7/16/2015,2124.29,109.76,17.05,14.35,1.09
7/20/2015,2128.28,105.70,16.69,14.05,1.08
7/21/2015,2119.21,105.37,16.91,14.14,1.09
7/22/2015,2114.15,104.80,16.34,14.14,1.09
7/23/2015,2102.15,104.33,16.14,14.00,1.10
7/27/2015,2067.64,104.86,15.65,13.92,1.11
7/28/2015,2093.25,105.02,15.85,14.02,1.11
7/29/2015,2108.57,105.17,16.24,14.15,1.10
7/30/2015,2108.63,104.27,16.10,14.09,1.09
8/3/2015,2098.04,104.10,15.10,13.87,1.10
8/4/2015,2093.32,104.31,15.22,13.92,1.09
8/5/2015,2099.84,103.93,15.03,13.95,1.09
8/6/2015,2083.56,104.39,14.87,13.99,1.09
8/10/2015,2104.18,105.72,14.89,14.54,1.10
8/11/2015,2084.07,106.26,14.48,14.64,1.10
8/12/2015,2086.05,107.75,14.44,14.82,1.12
8/13/2015,2083.39,106.86,14.09,14.71,1.12
8/17/2015,2102.44,107.13,13.89,14.63,1.11
8/18/2015,2096.92,107.11,14.05,14.21,1.10
8/19/2015,2079.61,108.55,13.43,14.57,1.11
8/20/2015,2035.73,110.44,13.37,14.78,1.12
8/24/2015,1893.21,110.53,12.50,14.13,1.16
8/25/2015,1867.61,109.16,12.73,13.99,1.16
8/26/2015,1940.51,107.67,12.77,13.56,1.13
8/27/2015,1987.66,107.73,13.95,13.80,1.12
8/31/2015,1972.18,108.82,15.89,13.99,1.12
9/1/2015,1913.85,109.20,14.81,13.94,1.13
9/2/2015,1948.86,108.62,15.09,14.02,1.12
9/3/2015,1951.13,107.84,15.34,14.02,1.11
9/8/2015,1969.41,107.52,15.02,14.12,1.12
9/9/2015,1942.04,106.13,14.52,13.93,1.12
9/10/2015,1952.29,106.38,14.93,13.99,1.13
9/14/2015,1953.03,106.22,14.39,13.79,1.13
9/15/2015,1978.09,105.90,14.57,13.77,1.13
9/16/2015,1995.31,107.31,15.36,14.22,1.13
9/17/2015,1990.20,108.41,15.23,14.42,1.14
9/22/2015,1942.74,107.79,14.92,14.14,1.11
9/23/2015,1938.76,108.22,14.44,14.12,1.12
9/24/2015,1932.24,110.49,14.59,14.44,1.12
9/28/2015,1881.77,108.42,14.38,13.94,1.12
9/29/2015,1884.09,107.98,14.61,13.97,1.13
9/30/2015,1920.03,106.86,14.68,13.87,1.12
10/1/2015,1923.82,106.73,14.58,13.90,1.12
10/5/2015,1987.05,108.77,15.00,14.89,1.12
10/6/2015,1979.92,109.86,15.74,15.07,1.13
10/7/2015,1995.83,109.70,15.57,15.29,1.12
10/8/2015,2013.43,109.14,16.04,14.99,1.13
10/12/2015,2017.46,111.31,15.31,15.13,1.14
10/13/2015,2003.69,111.86,15.06,15.16,1.14
10/14/2015,1994.24,113.81,15.05,15.42,1.15
10/15/2015,2023.86,113.29,15.13,15.39,1.14
10/19/2015,2033.66,112.02,14.83,15.11,1.13
10/20/2015,2030.77,112.73,14.73,15.19,1.14
10/21/2015,2018.94,111.73,14.43,14.99,1.13
10/22/2015,2052.51,111.69,14.51,15.11,1.11
10/26/2015,2071.18,111.43,14.01,15.11,1.10
10/27/2015,2065.89,111.68,13.82,15.13,1.11
10/28/2015,2090.35,110.75,14.69,15.26,1.10
10/29/2015,2089.41,109.72,14.63,14.88,1.09
10/30/2015,2079.36,109.30,14.81,14.80,1.10
11/2/2015,2104.05,108.59,14.75,14.72,1.10
11/3/2015,2109.79,106.98,15.28,14.58,1.10
11/4/2015,2102.31,105.97,14.85,14.38,1.10
11/5/2015,2099.93,105.64,14.48,14.30,1.09
11/6/2015,2099.20,104.10,14.23,14.08,1.09
11/9/2015,2078.58,104.40,14.08,13.89,1.07
11/10/2015,2081.72,104.18,14.09,13.76,1.08
11/11/2015,2075.00,103.83,13.76,13.64,1.07
11/12/2015,2045.97,103.85,13.35,13.64,1.08
11/13/2015,2023.04,103.56,13.06,13.59,1.08
11/16/2015,2053.19,103.71,13.39,13.60,1.07
11/17/2015,2050.44,102.34,13.01,13.55,1.07
11/18/2015,2083.58,102.43,13.05,13.52,1.06
11/19/2015,2081.24,103.56,12.96,13.62,1.07
11/20/2015,2089.17,103.09,12.93,13.50,1.07
11/23/2015,2086.59,102.26,13.02,13.45,1.06
11/24/2015,2089.14,102.94,13.32,13.51,1.06
11/25/2015,2088.87,102.46,13.39,13.52,1.06
11/27/2015,2090.11,101.25,13.03,13.46,1.06
11/30/2015,2080.41,101.92,12.93,13.44,1.06
12/1/2015,2102.63,102.28,12.95,13.51,1.06
12/2/2015,2079.51,100.69,12.48,13.37,1.06
12/3/2015,2049.62,101.76,12.77,13.46,1.06
12/4/2015,2091.69,104.02,12.46,13.87,1.09
12/7/2015,2077.07,102.67,11.72,13.62,1.09
12/8/2015,2063.59,102.84,11.68,13.51,1.08
12/9/2015,2047.62,102.64,11.56,13.49,1.09
12/10/2015,2052.23,102.55,11.37,13.45,1.10
12/11/2015,2012.37,103.11,11.07,13.30,1.09
12/14/2015,2021.94,101.79,11.16,13.06,1.10
12/15/2015,2043.41,101.52,11.40,13.11,1.10
12/16/2015,2073.07,102.75,10.99,13.49,1.09
12/17/2015,2041.89,100.50,10.74,13.08,1.09
12/18/2015,2005.55,102.04,10.66,13.43,1.08
12/21/2015,2021.15,103.15,10.66,13.59,1.09
12/22/2015,2038.97,102.61,10.77,13.59,1.09
12/23/2015,2064.29,102.31,11.26,13.62,1.10
12/24/2015,2060.99,103.05,11.30,13.69,1.09
12/28/2015,2056.50,102.27,10.93,13.29,1.10
12/29/2015,2078.36,102.20,11.26,13.27,1.10
12/30/2015,2063.36,101.42,10.93,13.21,1.09
12/31/2015,2043.94,101.46,11.00,13.19,1.09
1/4/2016,2012.66,102.89,10.98,13.19,1.09
1/5/2016,2016.71,103.18,10.66,13.31,1.08
1/6/2016,1990.26,104.67,10.11,13.36,1.08
1/7/2016,1943.09,106.15,9.90,13.62,1.08
1/8/2016,1922.03,105.68,9.80,13.30,1.09
1/11/2016,1923.67,104.74,9.25,13.22,1.09
1/12/2016,1938.68,104.21,9.17,13.17,1.09
1/13/2016,1890.28,104.72,9.09,13.49,1.08
1/14/2016,1921.84,103.02,9.23,13.19,1.09
1/15/2016,1880.33,104.08,8.79,13.24,1.09
1/19/2016,1881.33,103.98,8.49,13.36,1.09
1/20/2016,1859.33,105.37,8.24,13.48,1.09
1/21/2016,1868.99,105.49,8.56,13.46,1.09
1/22/2016,1906.90,105.00,9.27,13.38,1.09
1/25/2016,1877.08,106.08,8.54,13.58,1.08
1/26/2016,1903.63,107.29,8.97,13.82,1.09
1/27/2016,1882.95,107.69,9.18,13.81,1.09
1/28/2016,1893.36,106.54,9.70,13.57,1.09
1/29/2016,1940.24,106.95,9.65,13.59,1.09
2/1/2016,1939.38,108.05,9.02,13.67,1.08
2/2/2016,1903.03,108.09,8.57,13.62,1.09
2/3/2016,1912.53,109.25,9.34,13.95,1.09
2/4/2016,1915.45,110.57,9.12,14.17,1.11
2/5/2016,1880.05,112.32,8.91,14.34,1.12
2/8/2016,1853.44,113.83,8.64,14.59,1.11
2/9/2016,1852.21,113.58,8.18,14.51,1.12
2/10/2016,1851.86,114.46,7.96,14.55,1.13
2/11/2016,1829.08,119.06,7.99,14.95,1.13
2/12/2016,1864.78,118.36,8.33,14.99,1.13
2/16/2016,1895.58,114.77,8.31,14.51,1.12
2/17/2016,1926.82,115.48,8.78,14.54,1.11
2/18/2016,1917.83,118.29,8.66,14.76,1.11
2/19/2016,1917.78,117.58,8.55,14.64,1.11
2/22/2016,1945.50,115.49,8.91,14.43,1.11
2/23/2016,1921.27,117.22,8.48,14.54,1.10
2/24/2016,1929.80,117.61,8.59,14.52,1.10
2/25/2016,1951.70,117.92,8.80,14.41,1.10
2/26/2016,1948.05,117.11,8.78,14.02,1.10
2/29/2016,1932.23,118.64,9.00,14.20,1.09
3/1/2016,1978.35,117.77,9.15,14.17,1.09
3/2/2016,1986.45,118.68,9.30,14.25,1.09
3/3/2016,1993.40,120.73,9.25,14.50,1.09
3/4/2016,1999.99,120.54,9.65,14.76,1.09
3/7/2016,2001.76,121.14,10.11,14.90,1.10
3/8/2016,1979.26,120.58,9.65,14.62,1.10
3/9/2016,1989.26,119.58,10.15,14.53,1.10
3/10/2016,1989.57,121.50,10.04,14.82,1.10
3/11/2016,2022.19,119.41,10.19,14.72,1.12
3/14/2016,2019.64,117.87,9.88,14.58,1.12
3/15/2016,2015.93,117.96,9.70,14.54,1.11
3/16/2016,2027.22,120.59,10.18,14.87,1.11
3/17/2016,2040.59,120.13,10.55,15.16,1.12
3/18/2016,2049.58,119.80,10.48,15.03,1.13
3/21/2016,2051.60,118.96,10.59,15.06,1.13
3/22/2016,2049.80,119.31,10.54,15.12,1.12
3/23/2016,2036.71,116.61,10.11,14.51,1.12
3/24/2016,2035.94,116.33,10.06,14.43,1.12
3/28/2016,2037.05,116.60,10.01,14.46,1.12
3/29/2016,2055.01,118.76,9.80,14.60,1.13
3/30/2016,2063.95,117.10,9.73,14.49,1.13
3/31/2016,2059.74,117.64,9.70,14.68,1.14
4/4/2016,2066.13,116.15,9.08,14.20,1.14
4/5/2016,2045.17,117.66,9.13,14.42,1.14
4/6/2016,2066.66,116.94,9.60,14.34,1.14
4/7/2016,2041.91,118.61,9.51,14.48,1.14
4/11/2016,2041.99,120.03,10.28,15.14,1.14
4/12/2016,2061.72,120.05,10.64,15.41,1.14
4/13/2016,2082.42,118.77,10.51,15.44,1.13
4/14/2016,2082.78,117.11,10.48,15.34,1.13
4/18/2016,2094.34,117.74,10.17,15.42,1.13
4/19/2016,2100.80,119.58,10.44,16.12,1.14
4/20/2016,2102.40,118.97,10.76,16.14,1.13
4/21/2016,2091.48,119.42,10.72,16.21,1.13
4/25/2016,2087.79,118.23,10.55,16.17,1.13
4/26/2016,2091.70,118.70,10.81,16.29,1.13
4/27/2016,2095.15,119.04,11.14,16.38,1.13
4/28/2016,2075.81,121.29,11.22,16.77,1.14
5/2/2016,2081.43,123.24,11.05,16.64,1.15
5/3/2016,2063.37,122.96,10.74,16.57,1.15
5/4/2016,2051.12,122.21,10.79,16.49,1.15
5/5/2016,2050.63,122.07,10.90,16.51,1.14
5/9/2016,2058.69,120.65,10.68,16.12,1.14
5/10/2016,2084.39,120.98,10.99,16.28,1.14
5/11/2016,2064.46,122.12,11.34,16.56,1.14
5/12/2016,2064.11,121.16,11.45,16.22,1.14
5/16/2016,2066.66,121.80,11.76,16.32,1.13
5/17/2016,2047.21,122.22,11.92,16.41,1.13
5/18/2016,2047.63,120.10,11.70,16.00,1.12
5/19/2016,2040.04,119.87,11.79,15.67,1.12
5/23/2016,2048.04,119.37,11.66,15.59,1.12
5/24/2016,2076.06,117.30,11.82,15.42,1.11
5/25/2016,2090.54,116.98,12.03,15.50,1.12
5/26/2016,2090.10,116.58,11.95,15.53,1.12
5/31/2016,2096.95,116.06,11.87,15.19,1.11
6/1/2016,2099.33,115.94,11.93,15.17,1.12
6/2/2016,2105.26,115.67,11.86,15.22,1.12
6/6/2016,2109.41,118.92,12.04,15.68,1.14
6/7/2016,2112.13,118.82,12.22,15.60,1.14
6/8/2016,2119.12,120.58,12.43,16.21,1.14
6/9/2016,2115.48,121.25,12.25,16.47,1.13
6/13/2016,2079.06,122.64,11.76,16.58,1.13
6/14/2016,2075.32,122.77,11.73,16.54,1.12
6/15/2016,2071.50,123.68,11.47,16.69,1.13
6/16/2016,2077.99,122.38,11.14,16.31,1.13
6/20/2016,2083.25,123.21,11.91,16.65,1.13
6/21/2016,2088.90,120.84,11.89,16.38,1.13
6/22/2016,2085.45,120.90,11.74,16.42,1.13
6/23/2016,2113.32,120.11,11.98,16.49,1.13
6/27/2016,2000.54,126.68,11.19,16.87,1.10
6/28/2016,2036.09,125.32,11.47,16.91,1.11
6/29/2016,2070.77,125.84,11.79,17.37,1.11
6/30/2016,2098.86,126.47,11.57,17.86,1.11
7/5/2016,2088.55,129.47,11.18,18.98,1.11
7/6/2016,2099.73,130.23,11.33,19.10,1.11
7/7/2016,2097.90,129.74,10.82,18.71,1.11
7/11/2016,2137.16,129.29,10.65,19.30,1.11
7/12/2016,2152.14,127.15,11.19,19.09,1.11
7/13/2016,2152.43,128.32,10.75,19.39,1.11
7/14/2016,2163.75,127.33,10.87,19.25,1.11
7/18/2016,2166.89,127.04,10.82,19.10,1.11
7/19/2016,2163.78,127.21,10.70,18.92,1.10
7/20/2016,2173.02,125.39,10.73,18.42,1.10
7/21/2016,2165.17,127.30,10.49,18.88,1.10
7/25/2016,2168.48,125.47,10.13,18.54,1.10
7/26/2016,2169.18,126.00,10.08,18.66,1.10
7/27/2016,2166.58,128.03,9.90,19.37,1.11
7/28/2016,2170.06,127.66,9.67,19.21,1.11
8/1/2016,2170.84,129.22,9.41,19.43,1.12
8/2/2016,2157.03,130.27,9.33,19.60,1.12
8/3/2016,2163.79,129.65,9.69,19.38,1.12
8/4/2016,2164.25,129.87,9.84,19.35,1.11
8/8/2016,2180.89,127.44,10.10,18.74,1.11
8/9/2016,2181.74,127.96,10.07,18.87,1.11
8/10/2016,2175.49,128.56,9.77,19.16,1.12
8/11/2016,2185.79,127.67,10.21,18.96,1.11
8/15/2016,2190.15,127.84,10.76,18.83,1.12
8/16/2016,2178.15,128.47,10.92,18.82,1.13
8/17/2016,2182.22,128.50,10.99,18.68,1.13
8/18/2016,2187.02,129.11,11.30,18.77,1.13
8/22/2016,2182.64,127.78,10.97,17.97,1.13
8/23/2016,2186.90,127.76,11.09,17.93,1.13
8/24/2016,2175.44,126.34,10.82,17.62,1.13
8/25/2016,2172.47,126.23,10.95,17.63,1.13
8/29/2016,2180.38,126.30,10.85,17.90,1.12
8/30/2016,2176.12,125.03,10.73,17.67,1.12
8/31/2016,2170.95,124.78,10.36,17.72,1.12
9/1/2016,2170.86,125.29,10.06,17.94,1.12
9/6/2016,2186.48,128.71,10.39,19.05,1.13
9/7/2016,2186.16,128.27,10.52,18.78,1.12
9/8/2016,2181.30,127.59,10.96,18.62,1.13
9/12/2016,2159.04,126.59,10.64,18.17,1.12
9/13/2016,2127.02,125.75,10.37,17.93,1.12
9/14/2016,2125.77,126.18,10.09,18.02,1.12
9/15/2016,2147.26,125.37,10.14,18.04,1.12
9/19/2016,2139.12,125.32,9.98,18.20,1.12
9/20/2016,2139.76,125.44,10.07,18.27,1.12
9/21/2016,2163.12,127.27,10.40,18.85,1.12
9/22/2016,2177.18,127.57,10.53,18.90,1.12
9/26/2016,2146.10,127.55,10.43,18.41,1.12
9/27/2016,2159.93,126.62,10.15,18.17,1.12
9/28/2016,2171.37,126.22,10.65,18.21,1.12
9/29/2016,2151.13,126.07,10.87,18.11,1.12
10/3/2016,2161.20,125.32,11.10,17.87,1.12
10/4/2016,2150.49,120.97,11.09,16.94,1.12
10/5/2016,2159.73,120.78,11.35,16.85,1.12
10/6/2016,2160.77,119.66,11.51,16.44,1.11
10/10/2016,2163.66,120.16,11.67,16.73,1.11
10/11/2016,2136.73,119.55,11.58,16.56,1.11
10/12/2016,2139.18,119.74,11.43,16.65,1.10
10/13/2016,2132.55,120.03,11.49,16.61,1.10
10/17/2016,2126.50,119.68,11.37,16.57,1.10
10/18/2016,2139.60,120.42,11.45,16.72,1.10
10/19/2016,2144.29,121.11,11.66,16.79,1.10
10/20/2016,2141.34,120.74,11.43,16.64,1.09
10/24/2016,2151.33,120.56,11.43,16.70,1.09
10/25/2016,2143.16,121.47,11.24,16.86,1.09
10/26/2016,2139.43,120.79,11.09,16.71,1.09
10/27/2016,2133.04,121.01,11.21,16.73,1.09
10/31/2016,2126.15,121.94,10.53,16.97,1.10
11/1/2016,2111.72,122.73,10.57,17.41,1.10
11/2/2016,2097.94,123.64,10.28,17.56,1.11
11/3/2016,2088.66,124.30,10.08,17.42,1.11
11/4/2016,2085.18,124.39,9.98,17.46,1.11
11/7/2016,2131.52,122.15,10.16,17.29,1.11
11/8/2016,2139.56,121.64,10.10,17.40,1.11
11/9/2016,2163.26,121.56,10.28,17.45,1.10
11/10/2016,2167.48,119.75,10.04,17.56,1.09
11/11/2016,2164.45,117.10,9.77,16.47,1.09
11/14/2016,2164.20,116.11,9.87,16.00,1.08
11/15/2016,2180.39,117.12,10.34,16.19,1.08
11/16/2016,2176.94,116.77,10.23,16.09,1.07
11/17/2016,2187.12,116.17,10.13,15.84,1.07
11/18/2016,2181.90,115.15,10.32,15.73,1.06
11/21/2016,2198.18,115.58,10.77,15.72,1.06
11/22/2016,2202.94,115.54,10.63,15.80,1.06
11/23/2016,2204.72,113.25,10.67,15.52,1.06
11/25/2016,2213.35,112.61,10.33,15.63,1.06
11/28/2016,2201.72,113.80,10.44,15.77,1.06
11/29/2016,2204.66,113.27,10.06,15.78,1.06
11/30/2016,2198.81,111.75,10.93,15.66,1.06
12/1/2016,2191.08,111.54,11.33,15.66,1.06
12/2/2016,2191.95,112.14,11.48,15.83,1.07
12/5/2016,2204.71,111.54,11.35,15.88,1.06
12/6/2016,2212.23,111.43,11.29,15.85,1.08
12/7/2016,2241.35,111.83,11.09,16.23,1.07
12/8/2016,2246.19,111.57,11.31,16.14,1.08
12/9/2016,2259.53,110.40,11.44,15.97,1.06
12/12/2016,2256.96,110.82,11.62,16.19,1.05
12/13/2016,2271.72,110.45,11.73,16.04,1.06
12/14/2016,2253.28,108.83,11.32,15.93,1.06
12/15/2016,2262.03,107.34,11.36,15.18,1.05
12/16/2016,2258.07,108.05,11.55,15.27,1.04
12/19/2016,2262.53,108.59,11.50,15.17,1.04
12/20/2016,2270.76,107.79,11.62,15.24,1.04
12/21/2016,2265.18,107.85,11.44,15.12,1.04
12/22/2016,2260.96,107.59,11.46,14.98,1.04
12/23/2016,2263.79,107.93,11.56,14.91,1.04
12/27/2016,2268.88,108.56,11.73,15.13,1.05
12/28/2016,2249.92,108.86,11.75,15.20,1.05
12/29/2016,2249.26,110.29,11.72,15.32,1.04
12/30/2016,2238.83,109.61,11.72,15.11,1.06
1/3/2017,2257.83,110.47,11.44,15.44,1.05
1/4/2017,2270.75,110.86,11.58,15.58,1.04
1/5/2017,2269.00,112.58,11.70,15.76,1.05
1/6/2017,2276.98,111.75,11.68,15.64,1.06
1/9/2017,2268.90,112.67,11.31,15.70,1.05
1/10/2017,2268.90,113.15,11.07,15.91,1.06
1/11/2017,2275.32,113.50,11.37,15.87,1.06
1/12/2017,2270.44,113.91,11.54,15.91,1.06
1/13/2017,2274.64,114.21,11.41,15.94,1.06
1/17/2017,2267.89,115.85,11.43,16.28,1.06
1/18/2017,2271.89,114.87,11.16,16.19,1.07
1/19/2017,2263.69,114.77,11.17,16.12,1.06
1/20/2017,2271.31,115.05,11.39,16.19,1.07
1/23/2017,2265.20,115.79,11.32,16.29,1.07
1/24/2017,2280.07,115.27,11.37,16.22,1.08
1/25/2017,2298.37,114.32,11.31,16.10,1.07
1/26/2017,2296.68,113.26,11.53,15.93,1.08
1/27/2017,2294.69,113.49,11.40,16.22,1.07
1/30/2017,2280.90,113.97,11.28,16.23,1.07
1/31/2017,2278.87,115.55,11.32,16.63,1.07
2/1/2017,2279.55,115.20,11.48,16.61,1.08
2/2/2017,2280.85,115.84,11.51,16.56,1.08
2/3/2017,2297.42,116.13,11.54,16.57,1.08
2/6/2017,2292.56,117.70,11.38,16.82,1.08
2/7/2017,2293.08,117.46,11.19,16.79,1.07
2/8/2017,2294.67,118.19,11.23,16.84,1.07
2/9/2017,2307.87,117.29,11.35,16.75,1.07
2/10/2017,2316.10,117.60,11.50,17.02,1.07
2/13/2017,2328.25,116.80,11.32,16.89,1.06
2/14/2017,2337.58,116.93,11.38,17.01,1.06
2/15/2017,2349.25,117.45,11.36,17.04,1.06
2/16/2017,2347.22,118.08,11.41,17.15,1.06
2/17/2017,2351.16,117.68,11.39,17.06,1.07
2/21/2017,2365.38,117.75,11.54,17.03,1.06
2/22/2017,2362.82,117.91,11.36,17.11,1.05
2/23/2017,2363.81,118.94,11.53,17.24,1.06
2/24/2017,2367.34,119.70,11.46,17.40,1.06
2/27/2017,2369.75,119.12,11.47,17.27,1.06
2/28/2017,2363.64,119.23,11.45,17.37,1.06
3/1/2017,2395.96,119.06,11.40,17.44,1.06
3/2/2017,2381.92,117.58,11.17,16.80,1.05
3/3/2017,2383.12,117.51,11.29,16.98,1.05
3/6/2017,2375.31,116.72,11.28,16.83,1.06
3/7/2017,2368.39,115.78,11.27,16.55,1.06
3/8/2017,2362.98,115.06,10.67,16.32,1.06
3/9/2017,2364.87,114.47,10.53,16.06,1.05
3/10/2017,2372.60,114.72,10.29,16.15,1.06
3/13/2017,2373.47,114.74,10.28,16.07,1.07
3/14/2017,2365.45,114.12,10.19,15.99,1.07
3/15/2017,2385.26,116.25,10.38,16.43,1.06
3/16/2017,2381.38,116.73,10.36,16.40,1.07
3/17/2017,2378.25,116.99,10.33,16.47,1.08
3/20/2017,2373.47,117.51,10.27,16.50,1.07
3/21/2017,2344.02,118.54,10.11,16.61,1.07
3/22/2017,2348.45,118.83,10.12,16.62,1.08
3/23/2017,2345.96,118.67,10.01,16.67,1.08
3/24/2017,2343.98,118.86,10.09,16.81,1.08
3/27/2017,2341.59,119.53,10.04,17.15,1.09
3/28/2017,2358.57,119.04,10.15,17.18,1.08
3/29/2017,2361.13,119.33,10.37,17.25,1.08
3/30/2017,2368.06,118.47,10.57,17.15,1.07
4/3/2017,2358.84,119.35,10.55,17.24,1.07
4/4/2017,2360.16,119.62,10.71,17.33,1.07
4/5/2017,2352.95,119.62,10.68,17.32,1.07
4/6/2017,2357.49,119.18,10.86,17.26,1.06
4/10/2017,2357.16,119.46,11.14,17.00,1.06
4/11/2017,2353.78,121.19,11.17,17.31,1.06
4/12/2017,2344.93,122.02,11.11,17.46,1.07
4/13/2017,2328.95,122.60,11.13,17.53,1.06
4/17/2017,2349.01,122.24,11.06,17.43,1.06
4/18/2017,2342.19,122.82,11.04,17.34,1.07
4/19/2017,2338.17,121.73,10.62,17.18,1.07
4/20/2017,2355.84,121.96,10.54,17.06,1.07
4/24/2017,2374.15,121.48,10.25,16.98,1.09
4/25/2017,2388.61,120.25,10.36,16.68,1.09
4/26/2017,2387.45,120.84,10.26,16.57,1.09
4/27/2017,2388.77,120.39,10.24,16.37,1.09
5/1/2017,2388.33,119.67,10.15,15.99,1.09
5/2/2017,2391.17,119.65,9.92,15.93,1.09
5/3/2017,2388.13,117.98,9.93,15.59,1.09
5/4/2017,2389.52,116.79,9.46,15.43,1.10
5/8/2017,2399.38,116.75,9.67,15.41,1.09
5/9/2017,2396.92,116.05,9.57,15.30,1.09
5/10/2017,2399.63,116.04,9.86,15.35,1.09
5/11/2017,2394.44,116.50,9.94,15.45,1.09
5/15/2017,2402.32,117.14,10.17,15.75,1.10
5/16/2017,2400.67,117.65,10.11,15.93,1.11
5/17/2017,2357.03,119.79,10.19,16.00,1.12
5/18/2017,2365.72,118.81,10.26,15.71,1.11
5/22/2017,2394.02,119.90,10.54,16.23,1.12
5/23/2017,2398.42,119.14,10.64,16.15,1.12
5/24/2017,2404.39,119.61,10.60,16.28,1.12
5/25/2017,2415.07,119.48,10.04,16.23,1.12
5/30/2017,2412.91,120.14,10.24,16.47,1.12
5/31/2017,2411.80,120.62,9.96,16.39,1.12
6/1/2017,2430.06,120.72,9.91,16.38,1.12
6/5/2017,2436.10,121.73,9.80,16.63,1.13
6/6/2017,2429.33,123.10,9.97,16.76,1.13
6/7/2017,2433.14,122.45,9.46,16.65,1.13
6/8/2017,2433.79,121.65,9.43,16.49,1.12
6/12/2017,2429.39,120.36,9.52,16.04,1.12
6/13/2017,2440.35,120.48,9.60,15.95,1.12
6/14/2017,2437.92,119.82,9.23,15.95,1.12
6/15/2017,2432.46,119.32,9.18,15.88,1.11
6/19/2017,2453.46,118.43,9.12,15.61,1.11
6/20/2017,2437.03,118.18,8.95,15.59,1.11
6/21/2017,2435.61,118.52,8.71,15.54,1.12
6/22/2017,2434.50,118.92,8.78,15.68,1.11
6/26/2017,2439.07,118.36,8.93,15.68,1.12
6/27/2017,2419.38,118.81,9.10,15.79,1.13
6/28/2017,2440.69,118.90,9.20,15.92,1.14
6/29/2017,2419.70,118.32,9.21,15.73,1.14
7/3/2017,2429.01,116.09,9.62,15.30,1.14
7/5/2017,2432.54,116.52,9.25,15.18,1.13
7/6/2017,2409.75,116.47,9.31,15.15,1.14
7/11/2017,2425.53,115.62,9.27,14.99,1.15
7/12/2017,2443.25,116.03,9.33,15.05,1.14
7/13/2017,2447.83,115.82,9.47,14.87,1.14
7/17/2017,2459.14,117.29,9.45,15.22,1.15
7/18/2017,2460.61,118.11,9.54,15.38,1.15
7/19/2017,2473.83,118.08,9.69,15.40,1.15
7/20/2017,2473.45,118.24,9.61,15.42,1.16
7/24/2017,2469.91,119.31,9.50,15.58,1.16
7/25/2017,2477.13,118.92,9.81,15.59,1.16
7/26/2017,2477.83,119.88,9.96,15.75,1.17
7/27/2017,2475.42,119.79,10.06,15.68,1.17
7/31/2017,2470.30,120.75,10.28,15.90,1.18
8/1/2017,2476.35,120.65,10.09,15.79,1.18
8/2/2017,2477.57,120.40,10.14,15.67,1.19
8/3/2017,2472.16,120.59,10.02,15.72,1.19
8/7/2017,2480.91,119.51,10.10,15.33,1.18
8/8/2017,2474.92,119.86,10.06,15.56,1.18
8/9/2017,2474.02,121.31,10.15,15.98,1.18
8/10/2017,2438.21,122.21,9.91,16.18,1.18
8/14/2017,2465.84,121.92,9.72,16.13,1.18
8/15/2017,2464.61,120.98,9.75,15.74,1.17
8/16/2017,2468.11,121.87,9.57,16.15,1.18
8/17/2017,2430.01,122.49,9.62,16.12,1.17
8/21/2017,2428.37,122.76,9.71,16.07,1.18
8/22/2017,2452.51,122.21,9.77,16.07,1.18
8/23/2017,2444.04,122.67,9.88,16.15,1.18
8/24/2017,2438.97,122.29,9.71,16.03,1.18
8/28/2017,2444.24,124.69,9.53,16.50,1.20
8/29/2017,2446.30,124.42,9.46,16.42,1.20
8/30/2017,2457.59,124.36,9.38,16.46,1.19
8/31/2017,2471.65,125.82,9.63,16.65,1.19
9/5/2017,2457.85,127.46,9.92,16.91,1.19
9/6/2017,2465.54,126.81,10.04,16.87,1.19
9/7/2017,2465.10,128.13,10.03,17.10,1.20
9/11/2017,2488.11,126.19,9.82,16.77,1.20
9/12/2017,2496.48,126.56,9.87,16.89,1.20
9/13/2017,2498.37,125.61,10.07,16.76,1.19
9/14/2017,2495.62,126.16,10.13,16.77,1.19
9/18/2017,2503.87,124.36,10.17,16.27,1.20
9/19/2017,2506.65,124.62,10.11,16.36,1.20
9/20/2017,2508.24,123.62,10.24,16.19,1.19
9/21/2017,2500.60,122.68,10.25,16.03,1.19
9/25/2017,2496.66,124.53,10.55,16.21,1.19
9/26/2017,2496.84,123.14,10.49,15.91,1.18
9/27/2017,2507.04,121.98,10.52,15.83,1.17
9/28/2017,2510.06,122.21,10.43,15.92,1.18
10/2/2017,2529.12,120.77,10.21,15.67,1.17
10/3/2017,2534.58,120.83,10.18,15.71,1.17
10/4/2017,2537.74,121.17,10.08,15.69,1.18
10/5/2017,2552.07,120.52,10.25,15.69,1.17
10/9/2017,2544.73,122.08,10.00,16.02,1.17
10/10/2017,2550.64,122.40,10.28,16.15,1.18
10/11/2017,2555.24,122.79,10.36,16.25,1.19
10/12/2017,2550.93,122.89,10.23,16.26,1.18
10/16/2017,2557.64,122.97,10.46,16.25,1.18
10/17/2017,2559.36,122.13,10.49,16.09,1.18
10/18/2017,2561.26,121.67,10.48,16.06,1.18
10/19/2017,2562.10,122.39,10.35,16.27,1.18
10/23/2017,2564.98,121.80,10.42,16.14,1.18
10/24/2017,2569.13,121.33,10.54,16.02,1.18
10/25/2017,2557.15,121.35,10.48,16.01,1.18
10/26/2017,2560.40,120.33,10.57,15.85,1.16
10/30/2017,2572.83,121.13,10.87,15.91,1.16
10/31/2017,2575.26,120.67,10.93,15.79,1.17
11/1/2017,2579.36,121.11,10.90,16.18,1.17
11/2/2017,2579.85,121.19,10.99,16.17,1.16
11/3/2017,2587.84,120.62,11.18,15.92,1.17
11/6/2017,2591.13,121.65,11.51,16.27,1.16
11/7/2017,2590.64,121.21,11.49,16.01,1.16
11/8/2017,2594.38,121.63,11.41,16.06,1.16
11/9/2017,2584.62,122.13,11.46,16.07,1.16
11/10/2017,2582.30,121.13,11.42,15.95,1.16
11/13/2017,2584.84,121.31,11.38,16.09,1.17
11/14/2017,2578.87,121.56,11.13,16.08,1.17
11/15/2017,2564.62,121.41,11.09,16.03,1.18
11/20/2017,2582.14,121.31,11.28,15.98,1.17
11/21/2017,2599.03,121.51,11.40,16.01,1.17
11/22/2017,2597.08,122.63,11.60,16.17,1.17
11/24/2017,2602.42,122.32,11.79,16.08,1.19
11/27/2017,2601.42,122.83,11.59,16.10,1.19
11/28/2017,2627.04,122.81,11.58,15.91,1.19
11/29/2017,2626.07,122.04,11.47,15.64,1.18
11/30/2017,2647.58,121.10,11.47,15.51,1.19
12/1/2017,2642.22,121.59,11.67,15.53,1.19
12/4/2017,2639.44,121.18,11.49,15.44,1.19
12/5/2017,2629.57,120.32,11.54,15.23,1.19
12/6/2017,2629.27,120.07,11.20,15.10,1.18
12/7/2017,2636.98,118.49,11.33,14.87,1.18
12/8/2017,2651.50,118.48,11.49,14.96,1.18
12/11/2017,2659.99,118.01,11.60,14.85,1.18
12/12/2017,2664.11,118.15,11.44,14.86,1.18
12/13/2017,2662.85,119.17,11.33,15.15,1.17
12/14/2017,2652.01,118.93,11.43,15.02,1.18
12/15/2017,2675.81,119.18,11.46,15.15,1.18
12/18/2017,2690.16,119.73,11.44,15.22,1.17
12/19/2017,2681.47,119.82,11.51,15.22,1.18
12/20/2017,2679.25,120.14,11.61,15.25,1.18
12/21/2017,2684.57,120.31,11.64,15.22,1.19
12/22/2017,2683.34,120.94,11.66,15.40,1.19
12/26/2017,2680.50,121.77,11.95,15.59,1.19
12/27/2017,2682.62,122.23,11.92,15.73,1.19
12/28/2017,2687.54,122.85,11.97,15.88,1.19
12/29/2017,2673.61,123.65,12.01,15.99,1.19
1/2/2018,2695.81,125.15,12.07,16.21,1.20
1/3/2018,2713.06,124.82,12.34,16.17,1.21
1/4/2018,2723.99,125.46,12.37,16.23,1.20
1/5/2018,2743.15,125.33,12.31,16.22,1.21
1/8/2018,2747.71,125.31,12.38,16.15,1.20
1/9/2018,2751.29,124.73,12.57,16.03,1.20
1/10/2018,2748.23,125.03,12.68,16.02,1.19
1/11/2018,2767.56,125.44,12.70,16.01,1.20
1/12/2018,2786.24,126.96,12.87,16.27,1.20
1/16/2018,2776.42,127.17,12.76,16.25,1.23
1/17/2018,2802.56,126.14,12.78,16.06,1.23
1/18/2018,2798.03,125.86,12.76,15.97,1.22
1/19/2018,2810.30,126.42,12.72,16.05,1.22
1/22/2018,2832.97,126.65,12.78,16.04,1.23
1/23/2018,2839.13,127.28,12.97,16.08,1.23
1/24/2018,2837.54,128.83,13.22,16.56,1.23
1/25/2018,2839.25,127.97,13.06,16.31,1.24
1/26/2018,2872.87,128.07,13.24,16.41,1.24
1/29/2018,2853.53,127.35,13.11,16.21,1.24
1/30/2018,2822.43,126.80,12.90,16.15,1.24
1/31/2018,2823.81,127.65,12.98,16.35,1.24
2/1/2018,2821.98,128.07,13.24,16.25,1.24
2/2/2018,2762.13,126.39,13.04,15.66,1.25
2/5/2018,2648.94,126.71,12.77,15.74,1.24
2/6/2018,2695.14,125.38,12.70,15.65,1.24
2/7/2018,2681.66,124.79,12.37,15.41,1.24
2/8/2018,2581.00,124.98,12.09,15.46,1.23
2/9/2018,2619.55,124.77,11.86,15.39,1.23
2/12/2018,2656.00,125.37,11.89,15.57,1.23
2/13/2018,2662.94,126.08,11.87,15.62,1.23
2/14/2018,2698.63,128.23,12.18,15.91,1.24
2/15/2018,2731.20,128.38,12.33,15.91,1.25
2/16/2018,2732.22,127.96,12.38,15.73,1.25
2/20/2018,2716.26,126.24,12.39,15.54,1.24
2/21/2018,2701.33,125.66,12.29,15.54,1.23
2/22/2018,2703.96,126.30,12.59,15.66,1.23
2/23/2018,2747.30,126.14,12.77,15.59,1.23
2/26/2018,2779.60,126.45,12.86,15.68,1.23
2/27/2018,2744.28,125.13,12.65,15.48,1.23
2/28/2018,2713.83,125.00,12.37,15.46,1.22
3/1/2018,2677.67,124.72,12.35,15.54,1.22
3/2/2018,2691.25,125.39,12.37,15.56,1.23
3/5/2018,2720.94,125.18,12.59,15.49,1.23
3/6/2018,2728.12,126.53,12.57,15.78,1.23
3/7/2018,2726.80,125.72,12.35,15.53,1.24
3/8/2018,2738.97,125.42,12.15,15.55,1.24
3/9/2018,2786.57,125.54,12.47,15.63,1.23
3/12/2018,2783.02,125.54,12.37,15.61,1.23
3/13/2018,2765.31,125.78,12.24,15.61,1.23
3/14/2018,2749.48,125.70,12.28,15.61,1.24
3/15/2018,2747.33,124.90,12.34,15.45,1.24
3/16/2018,2752.01,124.60,12.55,15.39,1.23
3/19/2018,2712.92,124.87,12.55,15.39,1.23
3/20/2018,2716.94,124.31,12.81,15.28,1.23
3/21/2018,2711.93,126.48,13.18,15.65,1.23
3/22/2018,2643.69,125.98,12.95,15.44,1.23
3/23/2018,2588.26,127.61,13.28,15.58,1.23
3/26/2018,2658.55,128.28,13.21,15.72,1.25
3/27/2018,2612.62,127.49,13.08,15.57,1.24
3/28/2018,2605.00,125.73,13.04,15.36,1.23
3/29/2018,2640.87,125.79,13.09,15.41,1.23
4/2/2018,2581.88,127.26,12.74,15.65,1.23
4/3/2018,2614.45,126.30,12.81,15.46,1.23
4/4/2018,2644.69,126.45,12.82,15.38,1.23
4/5/2018,2662.84,125.80,12.83,15.45,1.23
4/9/2018,2613.16,126.82,12.77,15.56,1.23
4/10/2018,2656.87,127.12,13.25,15.62,1.24
4/11/2018,2642.19,128.11,13.45,15.69,1.24
4/12/2018,2663.99,126.62,13.52,15.52,1.23
4/16/2018,2677.84,127.63,13.38,15.72,1.24
4/17/2018,2706.39,127.75,13.41,15.80,1.24
4/18/2018,2708.64,127.85,13.88,16.18,1.24
4/19/2018,2693.13,127.60,13.77,16.26,1.23
4/23/2018,2670.29,125.62,13.92,15.67,1.22
4/24/2018,2634.56,126.23,13.68,15.76,1.22
4/25/2018,2639.40,125.41,13.72,15.61,1.22
4/26/2018,2666.94,124.97,13.77,15.58,1.21
4/30/2018,2648.05,124.59,13.80,15.38,1.21
5/1/2018,2654.80,123.71,13.61,15.24,1.20
5/2/2018,2635.67,123.65,13.67,15.42,1.20
5/3/2018,2629.73,124.28,13.82,15.46,1.20
5/7/2018,2672.63,124.57,14.10,15.52,1.19
5/8/2018,2671.92,124.59,14.06,15.51,1.19
5/9/2018,2697.79,124.33,14.37,15.53,1.18
5/10/2018,2723.07,125.18,14.41,15.74,1.19
5/14/2018,2730.13,124.49,14.38,15.56,1.19
5/16/2018,2725.78,122.54,14.41,15.45,1.18
